Season,League,Player,Team,Age,Position,Goal-Scoring,Assist-Creation,Attack,Dribbling,Possession,Defense,Physical,Goalkeeping,PosRank,Grade,Sale,Cost
2025/26,Liga Portugal,Thiago Carvalho,Vitória SC,23,CB,75.4,32.44,60.83,53.23,44.56,65.86,63.1,0,18,B,,600000
2025/26,Liga Portugal,Óscar Rivas,Vitória SC,26,CB,59.68,32.44,63.25,78.23,61.29,47.04,70.97,0,19,B,,
2025/26,Liga Portugal,Miguel Nóbrega,Vitória SC,26,CB,81.65,32.44,62.44,57.53,36.29,16.4,26.81,0,54,E,,
2025/26,Liga Portugal,R. Abascal,Vitória SC,32,CB,54.64,82.79,61.29,63.44,83.06,34.54,45.97,0,22,C,,
2025/26,Liga Portugal,Christian Marques,Tondela,23,CB,18.35,32.44,24.42,32.8,35.89,32.66,19.96,0,59,F,,
2025/26,Liga Portugal,B. Medina,Tondela,24,CB,52.82,63.35,55.41,42.74,23.79,67.88,55.85,0,27,C,,2500000
2025/26,Liga Portugal,João Silva,Tondela,27,CB,73.39,32.44,46.66,36.29,36.9,53.36,38.51,0,43,C,,
2025/26,Liga Portugal,Z. Debast,Sporting CP,22,CB,22.38,86.44,55.65,80.11,95.77,37.1,55.85,0,17,B,,
2025/26,Liga Portugal,O. Diomandé,Sporting CP,22,CB,56.05,49.58,60.94,56.99,62.9,31.59,55.04,0,36,C,,
2025/26,Liga Portugal,Gonçalo Inácio,Sporting CP,24,CB,59.68,89.31,62.21,63.71,91.13,34.41,58.67,0,13,B,,
2025/26,Liga Portugal,Eduardo Quaresma,Sporting CP,24,CB,72.58,89.67,75,79.57,93.35,44.49,62.7,0,2,A,,
2025/26,Liga Portugal,Gabriel Moscardo,SC Braga,20,CB,50.81,71.84,71.77,74.46,46.17,59.41,77.62,0,9,B,,
2025/26,Liga Portugal,B. Arrey-Mbi,SC Braga,23,CB,12.7,53.63,22.58,25.27,51.21,41.67,37.5,0,56,E,,
2025/26,Liga Portugal,S. Niakaté,SC Braga,26,CB,55.65,55.82,65.21,54.84,73.79,45.7,60.89,0,20,B,,
2025/26,Liga Portugal,G. Lagerbielke,SC Braga,26,CB,79.03,45.34,53.11,33.33,67.74,40.99,50.2,0,33,C,,2500000
2025/26,Liga Portugal,Vitor Carvalho,SC Braga,29,CB,81.65,88.51,62.44,36.29,49.6,48.39,45.97,0,23,C,,
2025/26,Liga Portugal,Henrique Silva,Santa Clara,20,CB,30.24,32.44,36.41,44.89,31.85,52.55,28.83,0,53,D,,
2025/26,Liga Portugal,Sidney Lima,Santa Clara,29,CB,46.77,48.83,60.71,71.77,44.76,38.44,47.18,0,40,C,,
2025/26,Liga Portugal,Frederico Venâncio,Santa Clara,33,CB,55.24,59.05,44.12,33.33,59.68,59.95,53.23,0,26,C,,
2025/26,Liga Portugal,Luís Rocha,Santa Clara,39,CB,22.18,32.44,29.15,38.71,44.35,15.05,31.85,0,60,F,,
2025/26,Liga Portugal,Gustavo Mancha,Rio Ave,21,CB,35.08,52.6,42.63,32.8,68.95,47.04,62.5,0,34,C,,
2025/26,Liga Portugal,Nelson Abbey,Rio Ave,22,CB,14.52,70.34,58.18,93.28,22.18,40.59,67.14,0,37,C,,
2025/26,Liga Portugal,F. Petrasso,Rio Ave,24,CB,27.22,48.83,41.71,44.89,31.05,30.24,49.6,0,55,E,,
2025/26,Liga Portugal,J. Panzo,Rio Ave,25,CB,35.48,32.44,42.51,52.15,34.48,81.99,55.65,0,25,C,,
2025/26,Liga Portugal,J. Brabec,Rio Ave,33,CB,46.98,43.19,38.94,38.17,52.42,56.05,39.92,0,41,C,,
2025/26,Liga Portugal,J. Kiwior,Porto,26,CB,45.97,59.4,62.1,73.12,64.11,64.52,87.1,0,5,A,,19000000
2025/26,Liga Portugal,J. Bednarek,Porto,30,CB,55.24,50.13,43.78,48.12,79.03,68.82,75.2,0,8,B,,7500000
2025/26,Liga Portugal,Zé Vitor,Nacional,25,CB,78.83,48.57,63.59,54.03,46.77,71.64,45.77,0,14,B,,
2025/26,Liga Portugal,Léo Santos,Nacional,27,CB,83.27,77.28,85.83,82.53,41.33,54.44,62.9,0,7,A,,
2025/26,Liga Portugal,Gilberto Batista,Moreirense,22,CB,21.37,32.44,26.96,34.68,51.81,61.42,45.77,0,45,D,,
2025/26,Liga Portugal,Maracás,Moreirense,32,CB,68.15,32.44,33.87,13.98,52.02,42.88,32.46,0,51,D,,
2025/26,Liga Portugal,Marcelo,Moreirense,36,CB,81.25,32.44,44.93,15.05,55.24,61.96,29.84,0,38,C,,
2025/26,Liga Portugal,Antonio Espigares,Gil Vicente,21,CB,70.97,48.83,50.69,24.73,57.26,26.21,39.72,0,48,D,,200000
2025/26,Liga Portugal,M. Elimbi,Gil Vicente,23,CB,38.1,46.23,50.12,66.4,32.66,27.28,41.53,0,52,D,,
2025/26,Liga Portugal,Jonathan Buatu,Gil Vicente,32,CB,51.61,65.1,36.87,23.92,30.65,39.38,50,0,49,D,,
2025/26,Liga Portugal,I. Ba,Famalicão,20,CB,54.64,48.83,56.11,60.22,59.48,70.83,69.76,0,10,B,,
2025/26,Liga Portugal,L. Realpe,Famalicão,25,CB,71.98,59.05,57.95,43.28,50,50.67,44.56,0,30,C,,3000000
2025/26,Liga Portugal,J. De Haas,Famalicão,26,CB,73.79,47.98,66.13,67.2,69.35,43.15,38.91,0,24,C,,
2025/26,Liga Portugal,A. Chernev,Estrela Amadora,24,CB,44.15,32.44,50,58.06,28.23,22.98,41.94,0,57,E,,
2025/26,Liga Portugal,Luan Patrick,Estrela Amadora,24,CB,14.52,46.23,39.06,72.04,61.29,65.46,51.01,0,28,C,,
2025/26,Liga Portugal,Bernardo Schappo,Estrela Amadora,27,CB,33.47,54.6,47.12,49.19,53.23,76.21,68.95,0,15,B,,200000
2025/26,Liga Portugal,K. Boma,Estoril,23,CB,65.93,38.65,47.7,38.17,23.39,66.94,67.54,0,29,C,,
2025/26,Liga Portugal,F. Bacher,Estoril,25,CB,60.28,52.19,40.9,27.15,67.34,56.72,45.56,0,32,C,,
2025/26,Liga Portugal,Ferro,Estoril,29,CB,72.98,32.44,39.29,18.28,46.77,65.99,34.88,0,39,C,,
2025/26,Liga Portugal,Kaly,Casa Pia AC,22,CB,19.76,44.68,30.3,44.62,28.23,80.91,66.13,0,31,C,,
2025/26,Liga Portugal,David Sousa,Casa Pia AC,24,CB,80.04,32.44,70.51,72.58,48.79,76.08,68.75,0,6,A,,
2025/26,Liga Portugal,João Goulart,Casa Pia AC,26,CB,36.69,32.44,44.59,55.38,22.98,48.66,47.18,0,47,D,,
2025/26,Liga Portugal,André Geraldes,Casa Pia AC,35,CB,22.78,32.44,34.45,50.27,20.77,15.73,23.59,0,62,F,,
2025/26,Liga Portugal,José Fonte,Casa Pia AC,42,CB,63.31,52.6,52.65,33.06,32.26,67.2,31.65,0,35,C,,
2025/26,Liga Portugal,António Silva,Benfica,22,CB,66.73,78.26,85.02,92.74,87.9,60.75,86.69,0,1,S,,
2025/26,Liga Portugal,Tomás Araújo,Benfica,24,CB,74.6,72.22,87.56,92.74,86.49,38.71,68.75,0,3,A,,
2025/26,Liga Portugal,N. Otamendi,Benfica,38,CB,73.19,32.44,66.71,69.89,63.31,72.72,78.02,0,4,A,,
2025/26,Liga Portugal,Paulo Vitor,AVS (Vilafranquense),24,CB,21.37,48.83,41.94,53.23,41.94,48.66,25.4,0,50,D,,
2025/26,Liga Portugal,C. Devenish,AVS (Vilafranquense),25,CB,15.32,43.19,35.14,51.08,37.1,65.73,48.39,0,42,C,,
2025/26,Liga Portugal,Ponck,AVS (Vilafranquense),31,CB,37.1,65.2,36.64,16.13,20.36,29.84,17.34,0,58,F,,
2025/26,Liga Portugal,A. Santos,AVS (Vilafranquense),37,CB,73.19,32.44,50.23,31.45,20.16,86.69,55.04,0,21,C,,
2025/26,Liga Portugal,B. Popović,Arouca,26,CB,50.4,32.44,38.59,46.77,37.5,48.52,46.77,0,46,D,,
2025/26,Liga Portugal,José Fontán,Arouca,26,CB,68.35,72.22,66.59,63.71,83.06,44.62,55.04,0,12,B,,
2025/26,Liga Portugal,Javi Sánchez,Arouca,29,CB,29.64,79.38,37.21,36.83,56.85,79.97,51.21,0,16,B,,
2025/26,Liga Portugal,B. Meupiyou,Alverca,20,CB,25.4,54.53,52.19,77.42,39.52,31.59,55.24,0,44,D,,
2025/26,Liga Portugal,Naves,Alverca,24,CB,63.31,43.19,60.83,59.68,77.82,65.86,56.25,0,11,B,,
2025/26,Liga Portugal,Sergi Gómez,Alverca,34,CB,22.18,37.23,18.32,13.44,31.85,26.88,33.67,0,61,F,,
2025/26,Liga Portugal,T. Strata,Vitória SC,21,FB & WB,56.84,57.91,75.47,89.94,75.94,44.18,64.62,0,6,A,,
2025/26,Liga Portugal,Miguel Maga,Vitória SC,23,FB & WB,18.63,30.7,21.97,19.18,68.4,39.31,39.62,0,52,E,,
2025/26,Liga Portugal,João Mendes,Vitória SC,26,FB & WB,36.08,49.64,37.87,43.71,77.83,45.28,37.97,0,30,D,,
2025/26,Liga Portugal,E. Maviram,Tondela,25,FB & WB,57.31,35.42,50.13,52.2,38.21,49.69,38.68,0,34,D,,
2025/26,Liga Portugal,Tiago Manso,Tondela,26,FB & WB,46.46,41.08,45.42,43.71,45.52,51.73,26.89,0,40,D,,
2025/26,Liga Portugal,Rodrigo Conceição,Tondela,26,FB & WB,66.27,45.33,64.42,71.07,36.08,41.35,47.64,0,20,C,,
2025/26,Liga Portugal,Bebeto,Tondela,36,FB & WB,31.6,27.87,25.47,39.31,60.61,73.11,35.85,0,37,D,,
2025/26,Liga Portugal,Iván Fresneda,Sporting CP,21,FB & WB,69.34,38.25,77.22,88.68,53.54,75.94,91.75,0,1,S,,
2025/26,Liga Portugal,G. Vagiannidis,Sporting CP,24,FB & WB,58.02,80.84,73.45,68.55,48.82,52.99,84.43,0,7,A,,13000000
2025/26,Liga Portugal,M. Araújo,Sporting CP,26,FB & WB,93.4,72.88,81.94,62.26,72.64,48.43,45.28,0,8,A,,
2025/26,Liga Portugal,Mario Dorgeles,SC Braga,21,FB & WB,90.09,63.41,71.29,43.71,54.01,26.57,54.48,0,18,C,,11000000
2025/26,Liga Portugal,Gabri Martínez,SC Braga,23,FB & WB,78.54,72.99,92.72,98.74,44.81,44.81,68.4,0,2,S,,
2025/26,Liga Portugal,Leonardo Lelo,SC Braga,26,FB & WB,31.13,95.08,38.54,22.96,83.49,33.49,15.8,0,39,D,,
2025/26,Liga Portugal,Víctor Gómez,SC Braga,26,FB & WB,66.27,75.12,64.42,55.97,67.45,45.13,37.97,0,16,B,,
2025/26,Liga Portugal,Paulo Victor,Santa Clara,25,FB & WB,50.71,40.3,36.93,37.11,43.87,65.09,34.67,0,36,D,,
2025/26,Liga Portugal,Calila,Santa Clara,27,FB & WB,60.85,24.41,47.71,50,19.1,38.21,45.28,0,45,E,,
2025/26,Liga Portugal,Lucas Soares,Santa Clara,28,FB & WB,32.08,46.47,43.94,44.97,53.3,37.26,32.31,0,43,D,,
2025/26,Liga Portugal,N. Athanasiou,Rio Ave,25,FB & WB,20.75,49.25,45.01,62.58,73.82,28.93,49.53,0,28,C,,
2025/26,Liga Portugal,M. Vrousai,Rio Ave,27,FB & WB,63.68,46.42,57.82,47.17,74.53,80.97,69.1,0,10,A,,
2025/26,Liga Portugal,Martim Fernandes,Porto,20,FB & WB,50.94,30.7,36.66,36.79,54.95,65.25,45.75,0,29,C,,
2025/26,Liga Portugal,Alberto Costa,Porto,22,FB & WB,66.98,88.21,77.76,77.67,40.8,65.88,68.16,0,3,A,,15000000
2025/26,Liga Portugal,Francisco Moura,Porto,26,FB & WB,91.51,64.03,76.42,61.01,75.94,44.18,53.77,0,11,A,,
2025/26,Liga Portugal,Z. Sanusi,Porto,28,FB & WB,75.47,53,69.81,68.24,58.02,49.06,90.33,0,9,A,,
2025/26,Liga Portugal,A. Núñez,Nacional,21,FB & WB,56.13,64.4,40.43,30.19,35.61,63.05,40.09,0,32,D,,
2025/26,Liga Portugal,José Gomes,Nacional,29,FB & WB,61.79,75.14,59.97,53.46,25.71,49.06,46.7,0,22,C,,
2025/26,Liga Portugal,João Aurélio,Nacional,37,FB & WB,15.57,19.38,20.89,32.08,24.06,93.08,66.51,0,38,D,,
2025/26,Liga Portugal,Kiko,Moreirense,24,FB & WB,56.6,21.58,33.96,22.96,51.18,66.35,31.37,0,42,D,,
2025/26,Liga Portugal,Dinis Pinto,Moreirense,25,FB & WB,58.96,70.16,54.18,47.17,27.12,71.7,60.85,0,17,C,,
2025/26,Liga Portugal,Hevertton,Gil Vicente,25,FB & WB,16.04,21.58,23.05,34.28,22.17,65.88,51.18,0,50,E,,
2025/26,Liga Portugal,Zé Carlos,Gil Vicente,27,FB & WB,20.99,31.15,31.4,44.34,41.51,50.16,46.46,0,47,E,,
2025/26,Liga Portugal,G. Konan,Gil Vicente,30,FB & WB,29.72,24.41,47.57,70.44,73.58,63.05,91.04,0,14,B,,
2025/26,Liga Portugal,Pedro Bondo,Famalicão,21,FB & WB,21.93,27.87,32.08,41.19,46.23,80.5,50.94,0,31,D,,500000
2025/26,Liga Portugal,Rodrigo Pinheiro,Famalicão,23,FB & WB,75.71,71.39,74.12,74.84,69.58,50,69.34,0,4,A,,
2025/26,Liga Portugal,Rafa Soares,Famalicão,31,FB & WB,61.08,46.74,48.25,44.65,73.82,27.52,25.94,0,35,D,,
2025/26,Liga Portugal,Otávio,Estrela Amadora,20,FB & WB,16.98,34.63,15.77,19.5,40.8,88.05,52.83,0,41,D,,
2025/26,Liga Portugal,J. Encada,Estrela Amadora,28,FB & WB,24.53,46.16,53.5,87.74,27.12,38.05,70.75,0,24,C,,
2025/26,Liga Portugal,Pedro Carvalho,Estoril,23,FB & WB,44.34,35.42,54.45,66.98,47.41,34.91,60.38,0,26,C,,
2025/26,Liga Portugal,Ricard Sánchez,Estoril,26,FB & WB,81.84,72.27,71.02,47.8,64.86,25.79,36.08,0,19,C,,
2025/26,Liga Portugal,Pedro Amaral,Estoril,28,FB & WB,29.48,52.59,28.84,23.58,54.72,36.64,39.39,0,48,E,,
2025/26,Liga Portugal,Abdu Conté,Casa Pia AC,28,FB & WB,20.75,55.86,39.22,49.06,48.35,19.5,33.49,0,49,E,,
2025/26,Liga Portugal,Gaizka Larrazabal,Casa Pia AC,28,FB & WB,83.73,49.88,66.04,46.86,23.11,45.75,56.6,0,21,C,,
2025/26,Liga Portugal,S. Lopes Cabral,Benfica,23,FB & WB,85.85,81.7,94.61,96.86,30.42,28.46,50.71,0,12,A,10000000,6000000
2025/26,Liga Portugal,S. Dahl,Benfica,23,FB & WB,49.29,39.51,55.66,65.41,79.95,50.31,73.82,0,15,B,,
2025/26,Liga Portugal,A. Dedić,Benfica,23,FB & WB,68.87,74.14,74.66,73.9,65.57,41.82,77.83,0,5,A,,12000000
2025/26,Liga Portugal,L. Rivas,AVS (Vilafranquense),24,FB & WB,21.46,39.19,26.42,34.91,18.63,72.17,54.95,0,44,E,,
2025/26,Liga Portugal,Mateus Pivô,AVS (Vilafranquense),28,FB & WB,18.4,17.49,11.46,8.18,49.06,61.16,28.77,0,53,F,,
2025/26,Liga Portugal,Kiki,AVS (Vilafranquense),31,FB & WB,28.3,44.9,41.64,48.11,57.08,72.17,44.1,0,25,C,,
2025/26,Liga Portugal,Tiago Esgaio,Arouca,30,FB & WB,79.95,81.99,48.79,13.52,66.04,54.87,31.84,0,23,C,,
2025/26,Liga Portugal,B. Kuipers,Arouca,31,FB & WB,65.33,48.32,30.59,5.66,21.93,47.48,40.09,0,51,E,,
2025/26,Liga Portugal,Francisco Chissumba,Alverca,20,FB & WB,40.57,31.69,38.14,36.79,46.23,39.78,46.46,0,46,E,,
2025/26,Liga Portugal,I. James,Alverca,21,FB & WB,34.91,71.12,49.6,54.4,28.3,56.6,44.58,0,27,C,,
2025/26,Liga Portugal,Diogo Spencer,Alverca,22,FB & WB,61.56,47.02,49.06,57.23,65.09,21.07,36.32,0,33,D,,
2025/26,Liga Portugal,Nabil Touaizi,Alverca,25,FB & WB,56.37,72.98,72.24,82.39,53.07,38.21,62.26,0,13,B,,
2025/26,Liga Portugal,Diogo Sousa,Vitória SC,20,MF,66.81,43.8,68.97,78.74,80.6,81.47,67.67,0,2,S,11000000,
2025/26,Liga Portugal,Gonçalo Nogueira,Vitória SC,22,MF,46.12,69.44,67.61,73.56,23.49,66.52,81.25,0,18,B,,
2025/26,Liga Portugal,Beni,Vitória SC,23,MF,34.05,30.36,28.94,37.64,45.69,69.97,60.56,0,36,C,,
2025/26,Liga Portugal,J. Rodríguez,Tondela,20,MF,17.24,30.36,21.31,19.83,49.35,46.41,37.5,0,54,E,,
2025/26,Liga Portugal,J. Hodge,Tondela,23,MF,62.93,47.32,54.31,28.74,60.34,37.79,18.1,0,39,D,,
2025/26,Liga Portugal,Y. Sithole,Tondela,27,MF,48.28,23.18,26.35,24.71,31.68,39.22,31.47,0,57,E,,
2025/26,Liga Portugal,Cícero Alves,Tondela,29,MF,52.8,50.99,29.06,16.67,58.19,58.91,49.35,0,37,D,,
2025/26,Liga Portugal,M. Hjulmand,Sporting CP,26,MF,75.43,73.21,51.23,25.86,75.43,61.93,62.28,0,17,B,,
2025/26,Liga Portugal,H. Morita,Sporting CP,31,MF,59.05,75.18,65.39,66.95,80.82,80.17,72.84,0,1,S,,
2025/26,Liga Portugal,J. Gorby,SC Braga,23,MF,46.12,31.46,44.46,56.9,64.66,38.79,55.6,0,29,C,,
2025/26,Liga Portugal,F. Grillitsch,SC Braga,30,MF,67.67,54.21,66.26,67.82,63.79,71.7,75.86,0,7,A,,
2025/26,Liga Portugal,João Moutinho,SC Braga,39,MF,42.67,70.34,53.08,58.91,86.64,71.26,52.37,0,11,A,,
2025/26,Liga Portugal,José Tavares,Santa Clara,22,MF,26.08,30.36,42.73,58.05,37.93,57.76,48.71,0,40,D,,
2025/26,Liga Portugal,Serginho,Santa Clara,26,MF,51.08,68.45,67.49,81.03,42.67,20.98,50.86,0,26,C,,
2025/26,Liga Portugal,Adriano Firmino,Santa Clara,26,MF,27.59,23.18,39.16,54.89,57.33,15.66,54.09,0,48,D,1000000,
2025/26,Liga Portugal,Pedro Ferreira,Santa Clara,28,MF,34.27,23.18,38.67,44.83,51.29,79.31,52.37,0,28,C,,
2025/26,Liga Portugal,B. Aguilera,Rio Ave,22,MF,40.3,43.58,52.46,60.92,48.28,18.82,45.69,0,41,D,,
2025/26,Liga Portugal,A. Ntoi,Rio Ave,23,MF,49.14,48.31,41.63,32.47,29.31,61.21,42.67,0,42,D,,
2025/26,Liga Portugal,T. Nikitscher,Rio Ave,26,MF,54.96,38.98,40.27,37.36,30.39,73.28,56.03,0,34,C,,500000
2025/26,Liga Portugal,Rodrigo Mora,Porto,19,MF,72.41,66.74,94.09,99.43,40.95,42.67,85.78,0,4,S,,
2025/26,Liga Portugal,V. Froholdt,Porto,20,MF,92.89,60.53,91.26,93.97,20.69,47.7,82.97,0,10,A,,20000000
2025/26,Liga Portugal,Gabri Veiga,Porto,23,MF,84.48,83.26,91.26,84.2,36.64,23.28,51.08,0,16,B,,15000000
2025/26,Liga Portugal,A. Varela,Porto,24,MF,43.97,48.69,47.54,46.55,75.22,54.74,49.57,0,21,C,,
2025/26,Liga Portugal,P. Rosario,Porto,29,MF,77.16,33.38,61.82,66.09,89.44,70.26,68.97,0,3,S,,3750000
2025/26,Liga Portugal,Matheus Dias,Nacional,24,MF,33.19,38.5,25.12,18.68,41.81,76.44,45.69,0,43,D,,
2025/26,Liga Portugal,C. Labidi,Nacional,24,MF,56.9,38.58,45.07,36.78,23.71,62.93,22.2,0,45,D,,
2025/26,Liga Portugal,Liziero,Nacional,28,MF,33.19,85.13,47.78,45.98,59.48,61.93,47.63,0,20,B,,
2025/26,Liga Portugal,M. Stjepanović,Moreirense,22,MF,38.79,23.18,24.38,15.23,52.59,45.69,19.61,0,55,E,,
2025/26,Liga Portugal,Rodri Alonso,Moreirense,23,MF,83.62,75.91,67.98,54.89,60.78,14.22,29.31,0,25,C,,
2025/26,Liga Portugal,Zé Carlos,Gil Vicente,24,MF,14.01,30.36,21.67,25,70.04,48.71,22.84,0,51,E,,
2025/26,Liga Portugal,F. Cáseres,Gil Vicente,24,MF,13.58,46.45,17.73,12.07,51.72,59.05,26.08,0,53,E,,
2025/26,Liga Portugal,Luís Esteves,Gil Vicente,28,MF,73.49,77.92,81.28,79.02,73.28,20.26,54.96,0,13,A,,
2025/26,Liga Portugal,M. De Amorim,Famalicão,21,MF,84.7,72.47,81.4,74.14,43.75,49.86,52.59,0,15,A,,
2025/26,Liga Portugal,T. Van De Looi,Famalicão,26,MF,17.24,30.36,22.04,21.55,52.59,35.92,42.67,0,56,E,,
2025/26,Liga Portugal,Robinho,Estrela Amadora,23,MF,41.59,67.26,54.56,50.86,36.42,55.89,37.28,0,31,C,,525000
2025/26,Liga Portugal,Paulo Moreira,Estrela Amadora,26,MF,69.18,49.71,54.31,52.59,33.19,33.05,44.18,0,38,D,,
2025/26,Liga Portugal,Jovane Cabral,Estrela Amadora,27,MF,89.66,58.24,77.96,61.21,41.38,21.26,50.22,0,22,C,,
2025/26,Liga Portugal,A. Tsoungui,Estoril,23,MF,15.52,50.05,33.13,40.23,51.51,74.57,55.39,0,32,C,,
2025/26,Liga Portugal,Jandro Orellana,Estoril,25,MF,25.86,57.58,36.7,37.64,89.66,33.48,48.06,0,30,C,,
2025/26,Liga Portugal,J. Holsgrove,Estoril,26,MF,25.65,83.54,51.97,67.82,79.53,60.92,64.22,0,12,A,,
2025/26,Liga Portugal,João Carvalho,Estoril,29,MF,89.01,85.98,89.29,83.91,68.97,17.39,46.98,0,8,A,,
2025/26,Liga Portugal,Renato Nhaga,Casa Pia AC,19,MF,73.71,55.17,71.55,81.32,18.32,34.77,64.66,0,23,C,6500000,
2025/26,Liga Portugal,Rafael Brito,Casa Pia AC,24,MF,66.38,51.91,49.75,37.36,23.28,66.09,42.89,0,35,C,,
2025/26,Liga Portugal,Iyad Mohamed,Casa Pia AC,25,MF,45.69,49.49,32.64,30.17,45.04,52.59,30.39,0,44,D,,
2025/26,Liga Portugal,S. Pérez,Casa Pia AC,33,MF,12.5,43.86,16.5,14.94,31.03,46.98,15.73,0,58,F,,
2025/26,Liga Portugal,R. Ríos,Benfica,25,MF,86.21,78.66,82.64,75.86,39.66,41.95,65.3,0,14,A,,27000000
2025/26,Liga Portugal,E. Barrenechea,Benfica,25,MF,46.34,35.58,34.24,24.43,75.86,75.57,54.09,0,24,C,,
2025/26,Liga Portugal,F. Aursnes,Benfica,30,MF,77.59,74.55,78.33,72.41,73.71,43.68,62.93,0,5,A,,
2025/26,Liga Portugal,G. Mendonça,AVS (Vilafranquense),23,MF,23.28,30.36,44.46,65.8,36.85,63.36,59.27,0,33,C,,
2025/26,Liga Portugal,Á. Algobia,AVS (Vilafranquense),26,MF,62.28,43.99,49.26,33.62,39.22,41.95,19.83,0,46,D,,
2025/26,Liga Portugal,Roni,AVS (Vilafranquense),27,MF,54.74,23.18,29.68,16.38,21.98,75.72,39.87,0,50,E,,
2025/26,Liga Portugal,J. Grau,AVS (Vilafranquense),28,MF,24.78,40.57,36.82,45.98,31.47,40.09,28.02,0,52,E,,
2025/26,Liga Portugal,T. Fukui,Arouca,21,MF,59.05,71.27,57.64,66.95,70.69,58.76,78.02,0,9,A,,
2025/26,Liga Portugal,E. Van Ee,Arouca,22,MF,46.34,46.9,36.33,46.55,59.7,60.06,52.59,0,27,C,,300000
2025/26,Liga Portugal,Amorim,Alverca,21,MF,56.68,36.97,66.13,82.76,55.6,34.91,62.72,0,19,B,7500000,310000
2025/26,Liga Portugal,Lincoln,Alverca,27,MF,61.85,74.19,74.26,75.29,57.76,61.93,73.71,0,6,A,,
2025/26,Liga Portugal,Rhaldney,Alverca,27,MF,49.35,30.48,36.82,36.78,39.66,38.65,64.66,0,47,D,,
2025/26,Liga Portugal,S. Abdulai,Alverca,27,MF,24.57,23.18,35.22,49.71,18.97,51.58,71.77,0,49,E,,
2025/26,Liga Portugal,Geovany Quenda,Sporting CP,19,AM & W,55.53,81.36,60.85,60.58,78.85,33.49,48.08,0,10,B,50000000,
2025/26,Liga Portugal,Landerson,Moreirense,19,AM & W,12.5,40.31,35.16,60.58,48.32,50.16,62.98,0,39,D,,1000000
2025/26,Liga Portugal,G. Prestianni,Benfica,20,AM & W,60.82,85.97,78.98,82.69,61.06,71.47,77.4,0,1,S,,
2025/26,Liga Portugal,William Gomes,Porto,20,AM & W,93.75,47.15,83.93,83.97,62.26,54.49,47.84,0,5,A,,
2025/26,Liga Portugal,O. Perea,AVS (Vilafranquense),20,AM & W,48.08,19.15,57.69,75,19.71,46.31,64.9,0,29,D,,
2025/26,Liga Portugal,C. Nuozzi,Alverca,20,AM & W,30.29,12.91,28.16,32.37,31.25,46.47,49.28,0,51,F,,
2025/26,Liga Portugal,A. Schjelderup,Benfica,21,AM & W,87.5,79.2,84.48,74.68,58.17,52.4,73.56,0,3,S,,
2025/26,Liga Portugal,Gustavo Sá,Famalicão,21,AM & W,47.84,35.2,30.22,20.83,87.26,65.54,29.57,0,35,D,,
2025/26,Liga Portugal,Noah Saviolo,Vitória SC,22,AM & W,37.5,60.94,54.95,73.08,18.03,24.52,56.49,0,28,D,11500000,
2025/26,Liga Portugal,Diogo Travassos,Moreirense,22,AM & W,37.5,36.87,48.21,65.71,60.82,66.03,46.88,0,21,C,5500000,
2025/26,Liga Portugal,H. Sudakov,Benfica,23,AM & W,59.38,57.98,51.24,39.1,76.92,47.44,45.19,0,18,C,,27000000
2025/26,Liga Portugal,Joelson Fernandes,Gil Vicente,23,AM & W,23.56,64.83,43.68,52.88,21.63,36.86,24.52,0,48,E,,750000
2025/26,Liga Portugal,I. Stoica,Estrela Amadora,23,AM & W,46.88,32.46,40.52,40.71,36.06,43.75,49.76,0,45,D,,1300000
2025/26,Liga Portugal,Lee Hyun-Ju,Arouca,23,AM & W,73.56,25.58,47.94,45.19,43.75,42.47,47.84,0,34,D,,1500000
2025/26,Liga Portugal,T. Akinsola,AVS (Vilafranquense),23,AM & W,10.58,46.48,42.58,76.92,35.1,28.69,68.51,0,38,D,,
2025/26,Liga Portugal,P. Lima,AVS (Vilafranquense),23,AM & W,41.11,38.16,27.47,16.67,48.08,80.45,48.56,0,44,D,4000000,
2025/26,Liga Portugal,Diogo Bezerra,Rio Ave,23,AM & W,17.31,59.97,58.24,86.22,35.58,41.19,56.73,0,20,C,,
2025/26,Liga Portugal,Pablo Ruan,Nacional,23,AM & W,13.7,35.84,27.06,34.94,23.08,72.28,41.11,0,50,E,,
2025/26,Liga Portugal,A. Moreira,Gil Vicente,24,AM & W,54.09,40.79,68.82,80.77,26.68,47.28,58.41,0,17,C,,
2025/26,Liga Portugal,Figueiredo,Alverca,24,AM & W,78.37,36.99,64.56,66.67,48.56,37.82,57.69,0,16,C,,750000
2025/26,Liga Portugal,André Luiz,Rio Ave,24,AM & W,90.38,70.16,77.75,75,17.55,37.18,66.83,0,9,B,6750000,
2025/26,Liga Portugal,Telmo Arcanjo,Vitória SC,24,AM & W,12.5,51.35,42.45,62.18,59.62,26.76,45.19,0,40,D,,
2025/26,Liga Portugal,Brenner,Santa Clara,24,AM & W,37.5,36.31,68.68,85.9,9.13,40.54,42.55,0,27,C,,
2025/26,Liga Portugal,M. Aïko,Tondela,25,AM & W,33.65,52.97,56.59,73.08,45.67,34.29,48.08,0,25,C,,
2025/26,Liga Portugal,Pablo Gozálbez,Arouca,25,AM & W,29.81,52.01,32.69,21.79,60.1,72.12,21.15,0,43,D,,
2025/26,Liga Portugal,G. Neiva,AVS (Vilafranquense),25,AM & W,52.16,43.04,44.23,43.59,31.73,50.96,45.19,0,41,D,,
2025/26,Liga Portugal,Geny Catamo,Sporting CP,25,AM & W,76.92,68.97,78.43,79.49,90.87,49.84,80.29,0,2,S,,
2025/26,Liga Portugal,Sorriso,Famalicão,25,AM & W,66.83,66.68,61.13,44.87,47.84,67.95,51.92,0,13,B,,
2025/26,Liga Portugal,O. Pohlmann,Rio Ave,25,AM & W,9.62,23.11,11.81,17.31,43.51,50.48,53.85,0,52,F,,
2025/26,Liga Portugal,Borja Sainz,Porto,25,AM & W,79.57,32.82,52.75,27.56,31.73,68.43,39.9,0,31,D,,15000000
2025/26,Liga Portugal,M. Ayomide,Estrela Amadora,26,AM & W,50.48,69.59,53.85,55.45,72.12,58.97,73.08,0,8,B,,
2025/26,Liga Portugal,A. Trezza,Arouca,26,AM & W,71.39,41.53,46.84,39.1,27.64,36.38,18.99,0,47,E,,
2025/26,Liga Portugal,Chiquinho,Alverca,26,AM & W,36.78,77.7,53.02,58.33,36.06,39.42,52.88,0,23,C,,
2025/26,Liga Portugal,Klismahn,Santa Clara,26,AM & W,30.53,37.91,32.14,30.77,59.62,58.17,31.49,0,46,D,,
2025/26,Liga Portugal,N. Djouahra,Arouca,26,AM & W,37.74,47.5,32.42,43.27,59.62,47.12,52.16,0,36,D,,
2025/26,Liga Portugal,Francisco Trincão,Sporting CP,26,AM & W,65.38,83.51,64.01,47.76,87.26,48.08,72.36,0,6,A,,
2025/26,Liga Portugal,Leandro Barreiro,Benfica,26,AM & W,63.94,46.55,27.75,2.56,38.46,85.1,48.56,0,42,D,,
2025/26,Liga Portugal,Rodrigo Zalazar,SC Braga,26,AM & W,81.25,77.83,72.8,65.38,71.15,54.33,67.31,0,4,A,30000000,
2025/26,Liga Portugal,Pedro Gonçalves,Sporting CP,27,AM & W,93.99,80.95,61.54,19.23,81.49,42.47,26.44,0,14,B,,
2025/26,Liga Portugal,D. Špikić,Rio Ave,27,AM & W,41.11,61.93,50.14,58.33,29.33,47.12,54.81,0,26,C,,600000
2025/26,Liga Portugal,Paulinho Bóia,Nacional,27,AM & W,38.46,44.3,56.18,72.44,45.43,45.83,54.33,0,22,C,,
2025/26,Liga Portugal,Maranhão,Tondela,27,AM & W,60.1,39.14,51.79,43.27,38.7,51.28,38.46,0,33,D,,
2025/26,Liga Portugal,Vinícius Lopes,Santa Clara,27,AM & W,72.84,12.91,46.43,33.65,43.51,64.1,50.24,0,37,D,,
2025/26,Liga Portugal,J. Livolant,Casa Pia AC,28,AM & W,24.76,52.33,35.99,44.55,46.63,62.34,56.49,0,32,D,,
2025/26,Liga Portugal,Pepê,Porto,29,AM & W,44.71,53.42,51.37,58.65,79.57,44.71,49.04,0,15,C,,
2025/26,Liga Portugal,Gil Dias,Famalicão,29,AM & W,47.12,78.14,62.23,68.59,65.14,65.87,68.75,0,7,A,,
2025/26,Liga Portugal,Witi,Nacional,29,AM & W,37.98,42.4,46.57,43.59,44.95,62.5,45.19,0,30,D,,
2025/26,Liga Portugal,Samu,Vitória SC,30,AM & W,71.39,40.15,41.21,14.42,77.16,82.37,33.41,0,24,C,,
2025/26,Liga Portugal,Kiko Bondoso,Moreirense,30,AM & W,5.53,47.71,24.73,45.51,63.94,35.58,54.81,0,49,E,,
2025/26,Liga Portugal,Ricardo Horta,SC Braga,31,AM & W,90.87,81.2,55.36,8.97,91.11,50.64,33.17,0,12,B,,
2025/26,Liga Portugal,Murilo,Gil Vicente,31,AM & W,68.75,58.67,62.91,69.87,65.14,36.86,62.98,0,11,B,,
2025/26,Liga Portugal,Rafa Silva,Benfica,33,AM & W,96.15,39.05,59.48,25.96,67.07,43.11,54.81,0,19,C,,
2025/26,Liga Portugal,O. Camara,Vitória SC,19,CF,38.78,60.9,52.75,73.93,71.79,52.14,65.71,0,10,B,,
2025/26,Liga Portugal,Gustavo Varela,Gil Vicente,21,CF,64.74,54.92,47.99,24.79,17.63,33.55,48.72,0,30,D,,
2025/26,Liga Portugal,Samu Omorodion,Porto,21,CF,88.78,28.13,60.44,42.31,69.87,28.63,47.76,0,16,C,,
2025/26,Liga Portugal,D. Gül,Porto,21,CF,65.71,51.84,66.85,64.96,32.37,41.03,57.05,0,13,B,,
2025/26,Liga Portugal,H. Sequeira,Tondela,22,CF,8.33,62.14,50.37,79.06,88.78,50.64,48.08,0,17,C,,
2025/26,Liga Portugal,M. Milovanović,Alverca,22,CF,63.78,50.92,48.35,43.59,41.35,36.32,63.78,0,21,C,,
2025/26,Liga Portugal,Luís Semedo,Moreirense,22,CF,35.9,29.62,24.36,24.79,65.38,50,46.15,0,35,E,,
2025/26,Liga Portugal,F. Ivanović,Benfica,22,CF,84.94,52.06,81.5,83.76,74.04,75.43,67.95,0,1,S,,23000000
2025/26,Liga Portugal,Pablo Felipe,Gil Vicente,22,CF,66.03,73.08,37.18,14.96,39.42,66.67,45.83,0,24,C,23000000,250000
2025/26,Liga Portugal,Santi García,Gil Vicente,24,CF,22.76,70.91,52.56,73.08,83.33,61.97,58.01,0,9,B,,
2025/26,Liga Portugal,Pau Víctor,SC Braga,24,CF,71.47,68.07,74.54,82.48,79.17,66.24,64.1,0,4,S,,12000000
2025/26,Liga Portugal,Gabriel Silva,Santa Clara,24,CF,33.01,44.18,61.54,83.76,60.9,52.56,58.97,0,12,B,,
2025/26,Liga Portugal,D. Nandín,Arouca,24,CF,18.91,78.12,41.21,44.44,30.45,71.79,57.05,0,25,C,,1000000
2025/26,Liga Portugal,A. Ndoye,Vitória SC,24,CF,48.72,34.95,38.46,20.51,7.69,62.61,51.6,0,34,D,,700000
2025/26,Liga Portugal,D. Duarte,AVS (Vilafranquense),24,CF,39.1,46.76,37.55,32.48,26.92,57.26,35.26,0,33,D,,
2025/26,Liga Portugal,Y. Begraoui,Estoril,24,CF,80.13,41.79,60.07,54.7,65.38,48.08,40.71,0,11,B,,
2025/26,Liga Portugal,Alejandro Marqués,Estoril,25,CF,48.4,28.1,48.35,62.82,41.67,46.15,43.91,0,26,C,,
2025/26,Liga Portugal,André Lacximicant,Estoril,25,CF,48.4,63.38,71.06,82.05,38.46,47.44,67.95,0,8,B,,
2025/26,Liga Portugal,J. Blesa,Rio Ave,25,CF,84.94,36.45,63.37,42.74,69.23,67.09,59.29,0,7,B,,
2025/26,Liga Portugal,Dailon Livramento,Casa Pia AC,25,CF,17.31,49.48,46.34,77.78,29.17,48.72,66.67,0,23,C,,
2025/26,Liga Portugal,S. Elisor,Famalicão,26,CF,25.96,44.53,39.38,40.6,49.04,42.52,48.08,0,32,D,,900000
2025/26,Liga Portugal,Gustavo Silva,Vitória SC,26,CF,62.5,62.26,80.59,85.47,47.76,79.06,78.85,0,3,S,,
2025/26,Liga Portugal,Alan,Moreirense,26,CF,16.03,75.8,47.8,74.36,87.18,34.62,50.32,0,19,C,,
2025/26,Liga Portugal,Kikas,Estrela Amadora,27,CF,64.74,28.1,49.82,46.58,20.83,32.26,33.33,0,31,D,,
2025/26,Liga Portugal,Iván Barbero,Arouca,27,CF,54.49,47.99,41.76,24.36,50,57.69,33.01,0,28,D,,300000
2025/26,Liga Portugal,V. Pavlidis,Benfica,27,CF,83.01,65.12,68.68,49.57,61.54,56.62,59.62,0,6,A,,
2025/26,Liga Portugal,R. Guitane,Estoril,27,CF,28.85,83.5,67.58,99.15,77.56,51.07,76.28,0,5,A,,
2025/26,Liga Portugal,Clayton,Rio Ave,27,CF,62.18,71.92,55.49,41.88,57.37,28.63,32.69,0,20,C,5000000,
2025/26,Liga Portugal,L. Suárez,Sporting CP,28,CF,91.67,88.38,85.35,67.52,63.46,55.34,69.23,0,2,S,,23000000
2025/26,Liga Portugal,Fran Navarro,SC Braga,28,CF,75.64,32.61,36.45,8.12,40.71,37.39,20.83,0,36,E,,3000000
2025/26,Liga Portugal,J. Ramírez,Nacional,28,CF,71.15,34.16,50,35.47,38.14,44.87,45.83,0,27,C,,600000
2025/26,Liga Portugal,Jordan Siebatcheu,Tondela,30,CF,31.41,33.23,25.46,12.39,31.41,51.28,25.32,0,38,F,,
2025/26,Liga Portugal,Guilherme Schettine,Moreirense,30,CF,87.18,33.46,59.52,52.99,57.37,40.38,53.21,0,14,B,700000,
2025/26,Liga Portugal,Rony Lopes,Tondela,30,CF,33.65,68.3,50.73,64.53,76.92,45.3,61.86,0,15,C,,
2025/26,Liga Portugal,Tomané,AVS (Vilafranquense),33,CF,25,52.47,41.21,59.83,53.85,79.49,71.79,0,18,C,,
2025/26,Liga Portugal,Rodrigo Pinho,Estrela Amadora,34,CF,36.86,42.44,38.28,35.47,49.68,61.75,40.71,0,29,D,,
2025/26,Liga Portugal,Nélson Oliveira,Vitória SC,34,CF,29.17,24.27,28.39,32.48,43.27,7.26,12.5,0,39,F,,
2025/26,Liga Portugal,Sandro Lima,Alverca,35,CF,52.88,46.71,47.62,42.74,44.55,51.07,55.13,0,22,C,,
2025/26,Liga Portugal,Cassiano,Casa Pia AC,36,CF,37.5,38.96,21.06,17.52,16.35,79.06,36.86,0,37,E,,
2025/26,Liga Portugal,J. Castillo,Vitória SC,23,GK,0,0,0,0,0,0,0,47.62,14,C,,700000
2025/26,Liga Portugal,Charles,Vitória SC,32,GK,0,0,0,0,0,0,0,42.06,17,D,,
2025/26,Liga Portugal,Bernardo,Tondela,23,GK,0,0,0,0,0,0,0,57.14,8,B,,
2025/26,Liga Portugal,Rui Silva,Sporting CP,32,GK,0,0,0,0,0,0,0,66.27,4,A,,
2025/26,Liga Portugal,L. Horníček,SC Braga,23,GK,0,0,0,0,0,0,0,53.17,11,C,,
2025/26,Liga Portugal,Gabriel Batista,Santa Clara,27,GK,0,0,0,0,0,0,0,46.83,15,C,,
2025/26,Liga Portugal,C. Miszta,Rio Ave,24,GK,0,0,0,0,0,0,0,51.59,12,C,,
2025/26,Liga Portugal,Diogo Costa,Porto,26,GK,0,0,0,0,0,0,0,70.63,2,A,,
2025/26,Liga Portugal,Kaique,Nacional,23,GK,0,0,0,0,0,0,0,69.05,3,A,,
2025/26,Liga Portugal,André Ferreira,Moreirense,29,GK,0,0,0,0,0,0,0,59.13,6,B,,
2025/26,Liga Portugal,Caio Secco,Moreirense,35,GK,0,0,0,0,0,0,0,48.81,13,C,,
2025/26,Liga Portugal,Andrew,Gil Vicente,24,GK,0,0,0,0,0,0,0,78.97,1,S,1500000,
2025/26,Liga Portugal,L. Carević,Famalicão,27,GK,0,0,0,0,0,0,0,58.73,7,B,,
2025/26,Liga Portugal,Renan Ribeiro,Estrela Amadora,36,GK,0,0,0,0,0,0,0,40.08,18,D,,
2025/26,Liga Portugal,Joel Robles,Estoril,35,GK,0,0,0,0,0,0,0,21.43,21,F,,
2025/26,Liga Portugal,P. Sequeira,Casa Pia AC,27,GK,0,0,0,0,0,0,0,44.44,16,D,,
2025/26,Liga Portugal,A. Trubin,Benfica,24,GK,0,0,0,0,0,0,0,62.7,5,B,,
2025/26,Liga Portugal,Adriel,AVS (Vilafranquense),25,GK,0,0,0,0,0,0,0,54.76,10,C,,
2025/26,Liga Portugal,Simão,AVS (Vilafranquense),32,GK,0,0,0,0,0,0,0,30.95,19,E,,
2025/26,Liga Portugal,I. De Arruabarrena,Arouca,29,GK,0,0,0,0,0,0,0,56.75,9,B,,
2025/26,Liga Portugal,André Gomes,Alverca,21,GK,0,0,0,0,0,0,0,22.22,20,F,,
2025/26,Liga 2,Gonçalo Oliveira,Benfica B,19,CB,74.41,59.24,70.65,65.89,91.02,51.82,70.31,0,3,A,,
2025/26,Liga 2,Vasco Santos,UD Oliveirense,19,CB,30.86,40.44,36.94,36.72,13.67,26.17,27.15,0,61,F,,
2025/26,Liga 2,João Fonseca,Benfica B,19,CB,89.84,40.44,70.76,56.77,40.62,52.08,70.7,0,15,B,,
2025/26,Liga 2,Rui Silva,Benfica B,19,CB,52.93,46.2,48.1,53.12,25.78,43.62,26.17,0,55,D,,
2025/26,Liga 2,Tiago Parente,Benfica B,19,CB,16.8,89.99,57.03,87.76,52.15,27.21,62.5,0,33,C,,
2025/26,Liga 2,Martim Ferreira,Benfica B,20,CB,19.53,64.66,34.93,38.28,44.92,60.16,37.3,0,47,C,,
2025/26,Liga 2,João Muniz,Sporting CP B,20,CB,35.74,40.41,31.47,28.65,67.97,45.31,58.79,0,46,C,,
2025/26,Liga 2,Marlon Júnior,Portimonense,20,CB,48.24,55.8,66.07,81.51,15.62,63.15,54.88,0,21,B,,
2025/26,Liga 2,Lucas D'agrella,Farense,20,CB,45.9,70.2,64.62,65.62,58.59,61.85,49.61,0,9,B,,
2025/26,Liga 2,Bruno Ramos,Sporting CP B,21,CB,72.85,47.91,57.7,56.77,68.75,53.78,58.01,0,11,B,,
2025/26,Liga 2,Bruno Faria,Lusitania FC Lourosa,21,CB,61.13,40.44,61.27,75.78,50.78,59.11,59.96,0,14,B,,
2025/26,Liga 2,José Sampaio,Vizela,21,CB,77.15,29.24,46.43,32.03,33.98,75.78,46.29,0,24,C,,
2025/26,Liga 2,M. Diadié,Torreense,21,CB,37.7,41.8,44.08,66.15,43.16,49.61,73.44,0,30,C,,
2025/26,Liga 2,Afonso Silva,Felgueiras 1932,22,CB,55.86,49.29,58.37,44.53,39.06,62.5,48.63,0,25,C,,
2025/26,Liga 2,Matheus Dario,Felgueiras 1932,22,CB,49.22,64.66,63.62,65.62,38.67,45.18,49.22,0,32,C,,
2025/26,Liga 2,Jarleysom,Portimonense,22,CB,51.76,49.29,45.76,20.57,14.06,52.21,42.97,0,54,D,,
2025/26,Liga 2,Gabriel Brás,Porto B,22,CB,64.26,49.51,47.54,36.98,65.62,51.04,49.02,0,27,C,,
2025/26,Liga 2,L. Henriques,Leixões,22,CB,30.08,60.71,47.99,63.54,46.09,44.4,38.67,0,45,C,,
2025/26,Liga 2,Rômulo,Sporting CP B,22,CB,40.43,29.24,33.71,27.6,45.7,35.94,32.23,0,57,E,,
2025/26,Liga 2,Kauan Ferreira,Paços de Ferreira,23,CB,23.83,29.24,20.87,19.79,15.62,26.82,39.65,0,62,F,,
2025/26,Liga 2,Mateus Sarará,Portimonense,23,CB,83.4,47.47,55.25,36.2,45.12,71.61,54.1,0,12,B,,
2025/26,Liga 2,Víctor Rofino,União de Leiria,23,CB,68.75,80.39,65.96,58.07,83.2,54.56,56.64,0,6,A,,
2025/26,Liga 2,Emanuel Fernandes,Feirense,23,CB,84.96,29.24,67.52,65.89,59.96,33.46,48.83,0,31,C,,
2025/26,Liga 2,Felipe Silva,Porto B,24,CB,28.12,54.04,18.19,20.31,69.53,47.4,37.11,0,50,D,,
2025/26,Liga 2,Bruno Rodrigues,Chaves,24,CB,47.85,69.56,39.96,26.56,55.86,52.21,48.05,0,37,C,,
2025/26,Liga 2,José Pedro,União de Leiria,24,CB,79.49,39.19,50.67,39.58,43.36,52.73,61.13,0,26,C,,
2025/26,Liga 2,N. Madsen,Marítimo,24,CB,54.3,34.14,36.05,27.86,42.97,72.4,46.09,0,34,C,,
2025/26,Liga 2,N. Michelis,Académico de Viseu F.C.,25,CB,51.37,54.55,34.71,32.81,67.58,65.36,69.14,0,17,B,,
2025/26,Liga 2,Tiago Simões,Chaves,25,CB,83.59,29.24,64.73,65.1,67.77,27.47,40.82,0,40,C,,
2025/26,Liga 2,Cláudio Silva,Penafiel,25,CB,70.9,64.66,79.8,83.85,76.95,58.46,91.99,0,1,S,,
2025/26,Liga 2,João Pinto,Felgueiras 1932,25,CB,24.22,61.27,27.34,23.18,31.25,44.92,19.73,0,58,E,,
2025/26,Liga 2,Jota Gonçalves,Vizela,25,CB,60.16,55.45,72.21,79.95,75.2,44.66,49.61,0,10,B,,
2025/26,Liga 2,S. Bengui,Portimonense,26,CB,82.42,44.25,70.31,67.71,51.56,50.13,60.55,0,13,B,,
2025/26,Liga 2,D. Collard,Lusitania FC Lourosa,26,CB,95.9,29.24,70.65,59.64,70.12,71.22,74.8,0,2,S,,
2025/26,Liga 2,A. Correia,Académico de Viseu F.C.,26,CB,58.98,45.34,55.02,65.1,53.91,22.66,42.19,0,48,D,,
2025/26,Liga 2,Romain Correia,Marítimo,26,CB,68.95,54.19,61.16,55.47,55.08,29.95,42.97,0,42,C,,
2025/26,Liga 2,Alexandre Abel,Portimonense,27,CB,73.05,53,66.18,61.98,44.92,82.29,64.84,0,4,A,,
2025/26,Liga 2,A. Hristov,Vizela,27,CB,33.98,40.44,44.53,50.26,41.02,31.38,63.28,0,51,D,,
2025/26,Liga 2,Antonio Leal,Feirense,27,CB,47.46,68.83,43.86,32.55,38.28,34.24,44.34,0,52,D,,
2025/26,Liga 2,Frederico Namora,UD Oliveirense,28,CB,17.58,66.7,39.06,59.38,74.02,51.56,48.63,0,28,C,,
2025/26,Liga 2,Genaro Rodríguez,União de Leiria,28,CB,26.95,49.29,53.91,72.66,82.03,56.51,55.47,0,16,B,,
2025/26,Liga 2,Rafael Santos,Leixões,28,CB,14.45,29.24,14.84,18.23,27.93,61.59,22.27,0,59,E,,
2025/26,Liga 2,Silvério,Lusitania FC Lourosa,30,CB,60.35,68.57,47.1,24.74,37.11,34.51,34.57,0,53,D,,
2025/26,Liga 2,Pedro Barcelos,Académico de Viseu F.C.,30,CB,32.03,40.44,45.42,54.95,71.29,46.22,43.16,0,41,C,,
2025/26,Liga 2,J. Rhyner,Vizela,30,CB,19.14,29.24,32.03,52.08,74.41,52.86,63.67,0,36,C,,
2025/26,Liga 2,Jaime Sánchez,Penafiel,31,CB,29.88,51.61,27.79,16.67,47.85,31.38,14.84,0,60,E,,
2025/26,Liga 2,Matheus Costa,Leixões,31,CB,23.83,40.44,50.22,77.08,53.12,35.55,82.81,0,35,C,,
2025/26,Liga 2,F. Romero,Farense,31,CB,67.58,49.29,65.4,59.64,84.77,52.47,60.74,0,8,A,,
2025/26,Liga 2,João Miguel,Penafiel,32,CB,47.66,39.19,32.48,15.1,26.95,49.87,29.3,0,56,E,,
2025/26,Liga 2,Z. Muscat,Chaves,32,CB,25.39,77.97,49.11,58.85,49.22,70.05,51.17,0,18,B,,
2025/26,Liga 2,Tiago Ferreira,Paços de Ferreira,32,CB,25.39,40.44,50.33,75.26,33.59,48.18,71.29,0,39,C,,
2025/26,Liga 2,Josué Sá,Lusitania FC Lourosa,33,CB,49.22,64.65,52.01,59.64,56.25,31.25,60.74,0,38,C,,
2025/26,Liga 2,Carraça,Chaves,33,CB,34.77,97.12,71.21,95.31,67.58,24.87,61.72,0,19,B,,
2025/26,Liga 2,Rafael Vieira,Paços de Ferreira,33,CB,46.09,70.07,56.92,54.17,43.95,59.9,41.41,0,23,C,,
2025/26,Liga 2,Ricardo Alves,Chaves,35,CB,37.3,40.44,53.12,65.89,50,38.02,55.86,0,44,C,,
2025/26,Liga 2,Douglas Grolli,Portimonense,36,CB,59.38,75.41,46.32,20.57,31.25,63.67,23.83,0,43,C,,
2025/26,Liga 2,Marcelo,União de Leiria,36,CB,77.15,53.2,55.8,27.34,48.05,70.57,31.25,0,22,B,,
2025/26,Liga 2,Bura,UD Oliveirense,37,CB,67.97,53.36,56.03,46.88,62.5,78.65,71.29,0,5,A,,
2025/26,Liga 2,Naldo,Leixões,37,CB,43.16,29.24,30.8,17.19,32.81,72.14,28.12,0,49,D,,
2025/26,Liga 2,Stopira,Torreense,38,CB,77.73,48.47,71.32,66.41,43.75,64.84,63.09,0,7,A,,
2025/26,Liga 2,Luís Rocha,Vizela,39,CB,79.88,29.24,58.15,42.71,47.27,51.17,57.81,0,29,C,,
2025/26,Liga 2,Rúben Fernandes,Farense,40,CB,49.41,55.8,56.14,56.77,43.55,61.33,57.62,0,20,B,,
2025/26,Liga 2,Salvador Blopa,Sporting CP B,18,FB & WB,91.38,44.92,72.04,56.9,58.41,58.76,64.01,0,8,A,,
2025/26,Liga 2,José Neto,Benfica B,18,FB & WB,81.68,25.38,53.33,32.18,55.39,59.05,57.76,0,28,C,,
2025/26,Liga 2,Daniel Banjaqui,Benfica B,18,FB & WB,50,46.36,45.2,36.21,49.14,24.14,49.57,0,46,D,,
2025/26,Liga 2,Kaio Henrique,Porto B,20,FB & WB,13.36,27.72,13.05,12.93,57.11,31.47,29.53,0,58,F,,
2025/26,Liga 2,José Silva,Sporting CP B,20,FB & WB,90.3,60.44,79.93,79.02,47.84,40.66,77.59,0,6,A,,
2025/26,Liga 2,Gu Costa,Académico de Viseu F.C.,20,FB & WB,54.53,65.96,61.95,66.09,58.62,67.67,64.66,0,7,A,,
2025/26,Liga 2,Rodrigo Dias,Sporting CP B,20,FB & WB,32.76,60.48,45.2,54.6,74.35,60.2,60.78,0,17,B,,
2025/26,Liga 2,Serif Nhaga,Leixões,20,FB & WB,73.06,92.44,81.16,89.94,60.78,46.26,66.81,0,3,S,,
2025/26,Liga 2,Xavi Grande,Marítimo,21,FB & WB,13.79,73.71,35.71,45.98,59.91,66.81,46.98,0,32,C,,
2025/26,Liga 2,Rodrigo Rêgo,Benfica B,21,FB & WB,82.76,77.81,92.12,93.39,75,43.82,59.91,0,1,S,,
2025/26,Liga 2,Luís Gomes,Porto B,21,FB & WB,34.05,52.39,27.09,24.71,54.09,62.07,42.24,0,43,D,,
2025/26,Liga 2,Edney,Portimonense,21,FB & WB,40.95,76.97,42.49,27.59,35.99,42.53,28.45,0,49,D,,
2025/26,Liga 2,Dinis Rodrigues,Porto B,21,FB & WB,31.25,78.01,35.59,33.91,42.46,55.89,57.11,0,36,C,,
2025/26,Liga 2,David Kusso,Chaves,22,FB & WB,93.75,70.21,83.87,71.84,33.84,28.3,53.02,0,14,B,,
2025/26,Liga 2,David Moreira,Sporting CP B,22,FB & WB,19.83,16.47,14.66,14.08,78.66,57.33,39.87,0,55,E,,
2025/26,Liga 2,Miguel Mota,Paços de Ferreira,22,FB & WB,80.82,69.71,61.08,51.44,50.86,52.87,52.16,0,15,B,,
2025/26,Liga 2,Tiago Parente,Felgueiras 1932,22,FB & WB,30.17,57.25,50.62,57.47,65.09,37.64,31.9,0,37,C,,
2025/26,Liga 2,S. Anzai,Penafiel,23,FB & WB,69.61,20.49,40.39,20.98,41.16,46.26,54.53,0,45,D,,
2025/26,Liga 2,Leandro Dias,Paços de Ferreira,23,FB & WB,29.74,43.84,46.06,61.21,42.24,34.48,54.53,0,38,D,,
2025/26,Liga 2,Gonçalo Negrão,Penafiel,23,FB & WB,58.62,22.51,50.86,52.01,37.72,31.75,37.93,0,47,D,,
2025/26,Liga 2,Italo,Vizela,23,FB & WB,63.36,48.66,72.04,88.79,28.66,81.18,86.64,0,4,S,,
2025/26,Liga 2,André Lopes,Feirense,24,FB & WB,28.88,17.62,28.94,34.2,61.42,51.29,38.15,0,52,D,,
2025/26,Liga 2,B. Godwin,Vizela,24,FB & WB,23.71,43.24,44.46,72.41,58.19,47.84,78.66,0,21,C,,
2025/26,Liga 2,Tiago Almeida,Chaves,24,FB & WB,64.22,62.74,47.04,21.55,52.8,37.64,39.01,0,41,D,,
2025/26,Liga 2,Douglas Borel,UD Oliveirense,24,FB & WB,62.28,19.06,42,34.2,46.34,56.32,43.75,0,40,D,,
2025/26,Liga 2,Anilson,Paços de Ferreira,24,FB & WB,62.72,50.81,47.91,41.95,56.68,64.8,38.79,0,29,C,,
2025/26,Liga 2,Jójó,Vizela,25,FB & WB,22.84,55.93,42.61,66.38,56.68,47.56,70.47,0,26,C,,
2025/26,Liga 2,Toni Herrero,Farense,25,FB & WB,35.56,66.9,45.2,52.59,54.09,52.01,55.17,0,31,C,,
2025/26,Liga 2,Eirô,Felgueiras 1932,25,FB & WB,42.24,41.9,53.82,66.67,65.95,68.39,61.64,0,12,B,,
2025/26,Liga 2,Javi Vázquez,Torreense,25,FB & WB,75.43,86.01,64.29,40.8,73.28,37.36,41.81,0,16,B,,
2025/26,Liga 2,Pedro Rosas,Felgueiras 1932,25,FB & WB,92.67,37.16,73.4,65.23,54.96,57.33,50.22,0,9,B,,
2025/26,Liga 2,Heitor,Portimonense,25,FB & WB,37.07,61.72,53.82,52.3,64.66,58.91,50.22,0,20,B,,
2025/26,Liga 2,Luiz Gustavo,Feirense,26,FB & WB,26.72,37.91,29.31,37.93,18.32,53.45,59.05,0,53,D,,
2025/26,Liga 2,Aarón Romero,Chaves,26,FB & WB,70.04,60.59,76.23,83.33,63.36,63.51,84.48,0,2,S,,
2025/26,Liga 2,Marc Baró,União de Leiria,26,FB & WB,25,60.77,58.37,92.53,60.99,48.85,71.98,0,10,B,,
2025/26,Liga 2,N. Thio,Vizela,26,FB & WB,78.66,50.52,77.71,85.06,25.22,16.24,60.34,0,23,C,,
2025/26,Liga 2,Miguel Tavares,Vizela,27,FB & WB,83.19,71.07,90.39,82.18,53.23,10.34,56.03,0,11,B,,
2025/26,Liga 2,Alex Pinto,Farense,27,FB & WB,21.12,52.1,33.99,37.36,39.22,46.84,50.65,0,48,D,,
2025/26,Liga 2,H. Sylla,União de Leiria,27,FB & WB,43.97,36.59,64.53,78.16,54.09,30.03,60.78,0,27,C,,
2025/26,Liga 2,Francisco Ferreira,Penafiel,27,FB & WB,17.67,49.1,35.59,45.69,31.9,57.04,52.37,0,44,D,,
2025/26,Liga 2,Zé Ricardo,Feirense,27,FB & WB,46.12,57.32,53.82,57.76,23.92,58.19,36.85,0,34,C,,
2025/26,Liga 2,Armando Lopes,UD Oliveirense,27,FB & WB,90.73,46.01,75.25,72.99,52.37,67.96,57.76,0,5,A,,
2025/26,Liga 2,Miguel Maga,União de Leiria,27,FB & WB,65.73,59.86,55.42,53.74,49.35,55.75,58.41,0,18,B,,
2025/26,Liga 2,Simão,Penafiel,27,FB & WB,50.65,37.74,38.05,42.24,64.87,53.74,42.03,0,35,C,,
2025/26,Liga 2,André Sousa,Paços de Ferreira,28,FB & WB,53.45,17.62,26.35,14.66,32.97,72.13,47.2,0,51,D,,
2025/26,Liga 2,Robinho,Académico de Viseu F.C.,28,FB & WB,23.28,51.45,31.4,35.63,84.91,77.01,48.71,0,25,C,,
2025/26,Liga 2,Danny,Lusitania FC Lourosa,28,FB & WB,13.79,20.49,32.88,60.63,12.28,74.43,64.87,0,42,D,,
2025/26,Liga 2,Bruno Pereira,Penafiel,28,FB & WB,77.16,64.75,55.3,26.15,36.21,43.39,27.37,0,39,D,,
2025/26,Liga 2,João Silva,União de Leiria,28,FB & WB,68.32,29.4,56.28,48.28,65.09,43.53,36.21,0,33,C,,
2025/26,Liga 2,Paulo Henrique,Marítimo,29,FB & WB,56.68,48.65,48.52,43.68,54.96,66.38,51.72,0,22,C,,
2025/26,Liga 2,Simãozinho,Leixões,30,FB & WB,47.41,45.25,56.53,58.33,61.42,70.4,59.27,0,13,B,,
2025/26,Liga 2,Igor Julião,Marítimo,31,FB & WB,22.63,31.47,36.7,57.76,42.03,75.43,72.2,0,30,C,,
2025/26,Liga 2,Derick Poloni,Farense,32,FB & WB,75,79.34,72.04,61.21,28.45,33.48,44.18,0,24,C,,
2025/26,Liga 2,Luís Rocha,Lusitania FC Lourosa,32,FB & WB,48.28,29.4,30.3,20.69,23.28,73.28,32.11,0,54,E,,
2025/26,Liga 2,João Reis,Portimonense,33,FB & WB,79.96,57.98,61.21,46.84,72.2,51.72,30.82,0,19,B,,
2025/26,Liga 2,Tiago Cerveira,Lusitania FC Lourosa,33,FB & WB,21.77,76.87,27.83,13.79,31.68,37.79,12.07,0,57,F,,
2025/26,Liga 2,Paulinho,Leixões,34,FB & WB,32.11,51.3,48.03,50.29,52.59,24.14,27.59,0,50,D,,
2025/26,Liga 2,David Bruno,Torreense,34,FB & WB,27.16,51.65,30.05,23.56,62.72,36.35,21.12,0,56,E,,
2025/26,Liga 2,Miguel Figueiredo,Benfica B,17,MF,74.17,42.38,63.57,63.89,74.38,59.03,41.04,0,12,B,,
2025/26,Liga 2,Eduardo Felicissimo,Sporting CP B,19,MF,21.25,43.13,22.38,20.56,67.29,52.36,38.75,0,47,E,,
2025/26,Liga 2,Gabriel Costa,Feirense,19,MF,67.08,28.91,30.36,9.17,10,55.56,31.04,0,59,F,,
2025/26,Liga 2,M. Ondoa,UD Oliveirense,20,MF,83.54,40.52,77.86,85.28,15,30.28,74.79,0,28,C,,
2025/26,Liga 2,Amadu Baldé,Leixões,20,MF,17.5,46.08,13.81,13.89,57.29,52.22,26.04,0,58,E,,
2025/26,Liga 2,João Teixeira,Porto B,20,MF,70.21,61.19,76.55,87.78,28.96,41.67,66.67,0,19,B,,
2025/26,Liga 2,S. Popoola,Feirense,20,MF,21.46,31.1,32.74,40.28,37.92,66.81,58.33,0,43,D,,
2025/26,Liga 2,João Cruz,Benfica B,20,MF,29.38,35.83,50.48,66.39,47.08,34.17,42.29,0,38,D,,
2025/26,Liga 2,Kauê Rodrigues,Porto B,21,MF,45.42,64.01,47.74,50.56,20.62,44.86,29.17,0,45,D,,
2025/26,Liga 2,Rayan Lucas,Sporting CP B,21,MF,24.58,58.88,35.36,33.61,94.17,56.11,48.54,0,27,C,,
2025/26,Liga 2,Arnau Casas,Torreense,22,MF,56.67,43.2,30.48,10,38.96,54.31,39.38,0,54,E,,
2025/26,Liga 2,Samuel Justo,Sporting CP B,22,MF,83.75,61.83,65.12,39.17,70.21,41.53,33.96,0,21,B,,
2025/26,Liga 2,Miguel Teixeira,Lusitania FC Lourosa,22,MF,41.25,59.01,72.38,94.44,32.71,48.75,86.25,0,17,B,,
2025/26,Liga 2,Léo Azevedo,Torreense,22,MF,83.75,43.74,60,47.78,59.38,87.92,63.13,0,5,A,,
2025/26,Liga 2,Diogo Prioste,Benfica B,22,MF,56.88,82.62,57.26,51.11,77.71,55.69,58.33,0,10,A,,
2025/26,Liga 2,Tiago Brito,UD Oliveirense,22,MF,48.75,35.83,64.76,73.89,76.67,77.92,90.42,0,2,S,,
2025/26,Liga 2,Marco Cruz,Marítimo,22,MF,32.5,41.66,46.31,46.67,38.75,53.89,37.92,0,40,D,,
2025/26,Liga 2,André Simões,Torreense,22,MF,37.5,60.55,60.12,78.06,58.13,54.72,82.71,0,13,B,,
2025/26,Liga 2,Cláudio Araújo,Leixões,23,MF,65,65.61,69.29,69.44,61.25,49.72,43.33,0,15,B,,300000
2025/26,Liga 2,Miguel Menino,Farense,23,MF,65.42,58.05,79.88,85.83,42.92,42.36,61.25,0,16,B,,
2025/26,Liga 2,A. Alfaro,Torreense,23,MF,47.5,54.16,53.1,44.44,40.83,27.08,25.62,0,46,E,,
2025/26,Liga 2,Dani Borges,União de Leiria,23,MF,96.67,63.49,63.81,36.39,58.33,70.97,62.29,0,7,A,,
2025/26,Liga 2,Domingos Andrade,Porto B,23,MF,33.13,30.68,34.29,53.89,51.88,90.28,72.92,0,22,C,,
2025/26,Liga 2,Miguel Pires,União de Leiria,24,MF,16.04,41.1,28.69,38.06,50,43.06,50.21,0,50,E,,
2025/26,Liga 2,Guilherme Liberato,Torreense,24,MF,22.5,42.46,36.43,47.5,56.04,56.53,60.21,0,35,C,,
2025/26,Liga 2,Vasco Moreira,Felgueiras 1932,24,MF,80.42,78.71,82.74,75,47.5,25.42,55.42,0,18,B,,
2025/26,Liga 2,Samuel Lobato,Portimonense,24,MF,73.75,54.5,80.83,84.17,27.92,61.94,85.42,0,6,A,,
2025/26,Liga 2,Ktatau,Chaves,24,MF,29.58,43.28,57.86,80.83,61.46,37.5,63.75,0,26,C,,
2025/26,Liga 2,D. Doumbia,Feirense,24,MF,28.96,30.68,24.64,20,20.83,50.97,36.46,0,60,F,,
2025/26,Liga 2,Mamede,Portimonense,24,MF,67.08,65.2,72.38,70.83,45.62,29.03,46.88,0,25,C,,
2025/26,Liga 2,Michel Costa,Felgueiras 1932,24,MF,45.42,84.61,75.95,93.33,32.08,9.44,47.92,0,30,C,,
2025/26,Liga 2,Nuno Cunha,Paços de Ferreira,25,MF,59.79,77.3,62.14,65.28,70.83,64.86,70.21,0,4,A,,
2025/26,Liga 2,S. Messeguem,Académico de Viseu F.C.,25,MF,50.42,90.39,64.4,64.44,49.79,66.39,53.33,0,11,A,,
2025/26,Liga 2,Assane Ndiaye,Farense,26,MF,27.71,38.33,42.5,47.5,26.67,61.39,58.12,0,41,D,,
2025/26,Liga 2,Xavier,Portimonense,26,MF,58.54,18.6,34.29,23.89,16.04,68.47,59.79,0,51,E,,
2025/26,Liga 2,Gabi Pereira,Felgueiras 1932,26,MF,46.88,59.18,59.05,71.39,63.75,52.36,71.04,0,14,B,,
2025/26,Liga 2,Pedro Pinho,Chaves,26,MF,64.38,44.01,61.31,64.17,87.92,70.42,63.96,0,3,A,,
2025/26,Liga 2,V. Danilović,Marítimo,26,MF,24.58,29.28,25.6,39.17,78.96,65.28,62.92,0,32,C,,
2025/26,Liga 2,Moha Moukhliss,Vizela,26,MF,40.62,87.67,45.83,54.17,82.71,28.61,43.96,0,23,C,,
2025/26,Liga 2,W. Cagro,Portimonense,27,MF,70.21,37.06,47.02,35.83,47.5,17.5,26.88,0,53,E,,
2025/26,Liga 2,A. Bastunov,Vizela,27,MF,68.12,50.51,64.76,76.11,45,20.14,52.92,0,31,C,,
2025/26,Liga 2,I. Guirassy,Marítimo,27,MF,63.75,49.23,34.76,23.33,45.42,72.78,63.33,0,33,C,,
2025/26,Liga 2,Sabino,UD Oliveirense,27,MF,51.67,22.49,34.29,20,55.83,77.5,38.96,0,37,D,,
2025/26,Liga 2,A. Busnić,Vizela,28,MF,40.21,22.49,30.24,31.11,38.33,72.5,53.75,0,42,D,,
2025/26,Liga 2,Henrique Martins,Felgueiras 1932,28,MF,32.29,28.45,18.93,12.5,54.79,74.86,33.96,0,49,E,,
2025/26,Liga 2,Tokinho,Lusitania FC Lourosa,29,MF,28.54,22.49,30.36,46.94,54.58,56.25,49.79,0,39,D,,
2025/26,Liga 2,I. Alhassan,Lusitania FC Lourosa,29,MF,47.5,18.6,31.43,15,30.63,68.61,24.79,0,56,E,,
2025/26,Liga 2,Reko,Penafiel,30,MF,71.88,45.6,57.5,45.83,20,27.92,37.71,0,48,E,,
2025/26,Liga 2,Yannick Semedo,Farense,30,MF,12.08,67.72,43.21,62.5,78.75,31.53,38.54,0,34,C,,
2025/26,Liga 2,Diogo Pereira,UD Oliveirense,30,MF,15.83,44.24,44.17,74.44,59.38,28.89,59.58,0,36,C,,
2025/26,Liga 2,Francisco Ramos,Paços de Ferreira,31,MF,31.04,45.55,32.5,26.94,31.87,50.42,22.29,0,57,E,,
2025/26,Liga 2,Cláudio Falcão,Farense,31,MF,81.25,22.49,53.45,38.61,61.88,70.14,67.92,0,20,B,,
2025/26,Liga 2,Raphael Guzzo,Marítimo,31,MF,75.42,86.4,70.95,56.11,81.67,40.69,33.33,0,8,A,,
2025/26,Liga 2,Fabinho,Lusitania FC Lourosa,31,MF,83.75,78.19,72.74,59.17,62.5,49.17,44.38,0,9,A,,
2025/26,Liga 2,Pedro Sá,Penafiel,32,MF,25,31.1,23.93,15,57.92,59.17,40,0,52,E,,
2025/26,Liga 2,J. Teixeira,Chaves,32,MF,70.42,64.16,86.9,90,59.79,60.69,80.42,0,1,S,,
2025/26,Liga 2,Landinho,Felgueiras 1932,33,MF,55.62,64.28,54.4,43.89,57.29,9.31,16.67,0,44,D,,
2025/26,Liga 2,Luís Silva,Académico de Viseu F.C.,33,MF,39.38,50.08,21.19,12.5,42.92,63.89,31.46,0,55,E,,
2025/26,Liga 2,Costinha,Torreense,33,MF,83.33,71.23,67.02,49.72,44.17,34.72,38.12,0,29,C,,
2025/26,Liga 2,Arsénio,Lusitania FC Lourosa,36,MF,62.71,89.88,67.98,72.22,41.25,23.47,51.46,0,24,C,,
2025/26,Liga 2,Vladimir Silva,Paços de Ferreira,17,AM & W,31.38,37.64,32.65,38.1,55.87,50.51,42.09,0,41,D,,
2025/26,Liga 2,Flávio Gonçalves,Sporting CP B,18,AM & W,80.61,49.53,63.27,55.78,87.24,55.61,67.09,0,4,A,,
2025/26,Liga 2,André Miranda,Porto B,18,AM & W,54.85,55.79,43.15,50.68,29.85,67.35,55.36,0,26,C,,
2025/26,Liga 2,Paulo Cardoso,Sporting CP B,19,AM & W,57.91,43.42,69.53,91.16,28.83,53.57,71.43,0,11,A,,
2025/26,Liga 2,Gonçalo Sousa,Porto B,19,AM & W,56.89,59.74,55.54,64.63,52.3,25.68,43.88,0,21,C,,
2025/26,Liga 2,Danio Djassi,Portimonense,19,AM & W,40.82,37.26,50.58,61.56,58.67,37.07,67.09,0,27,C,,
2025/26,Liga 2,Álvaro Santos,Penafiel,20,AM & W,48.47,45.12,47.08,56.12,35.71,25,39.03,0,40,D,,
2025/26,Liga 2,Mauro Couto,Sporting CP B,20,AM & W,20.66,45.06,23.18,27.21,77.04,58.67,28.57,0,42,D,,
2025/26,Liga 2,Tiago Andrade,Porto B,20,AM & W,50.51,44.66,49.56,59.18,25.51,64.8,53.83,0,29,C,,
2025/26,Liga 2,Gonçalo Moreira,Benfica B,20,AM & W,56.89,46.48,43.59,32.31,83.16,46.09,50.77,0,24,C,,
2025/26,Liga 2,João Rêgo,Benfica B,20,AM & W,35.2,15.87,38.48,48.3,51.28,66.33,70.66,0,38,C,,
2025/26,Liga 2,Gui Meira,Feirense,21,AM & W,74.49,14.17,38.05,16.33,63.01,59.35,19.39,0,43,D,,
2025/26,Liga 2,Manuel Mendonça,Sporting CP B,21,AM & W,24.23,46.66,34.55,34.69,79.34,61.73,38.78,0,36,C,,
2025/26,Liga 2,David Costa,Paços de Ferreira,22,AM & W,57.65,36.96,40.38,32.31,73.72,76.53,47.19,0,22,C,,
2025/26,Liga 2,Werton,Leixões,22,AM & W,47.7,39.34,69.39,82.65,75.51,67.52,86.73,0,2,S,,
2025/26,Liga 2,Martín Tejón,Marítimo,22,AM & W,53.83,73.75,67.64,68.71,77.81,47.62,44.39,0,6,A,,
2025/26,Liga 2,Miguel Falé,Paços de Ferreira,22,AM & W,57.14,28.45,69.24,82.65,38.78,42.18,84.69,0,13,B,,
2025/26,Liga 2,Rodrigo Ramos,Vizela,22,AM & W,24.23,63.77,39.8,59.52,54.85,56.12,44.13,0,28,C,,
2025/26,Liga 2,Thauan Lara,Portimonense,22,AM & W,35.71,82.02,34.11,23.81,40.82,67.35,46.43,0,33,C,,
2025/26,Liga 2,D. Jean,Torreense,23,AM & W,73.21,69.15,79.88,78.91,52.04,27.38,66.33,0,5,A,,
2025/26,Liga 2,João Pinto,Paços de Ferreira,23,AM & W,16.84,35.6,25.8,21.77,60.97,66.84,52.55,0,44,D,,
2025/26,Liga 2,M. Lacava,Vizela,23,AM & W,38.52,93.52,68.22,85.37,22.19,38.27,78.32,0,10,A,,
2025/26,Liga 2,André Candeias,Farense,23,AM & W,57.4,14.17,33.97,10.88,35.97,78.4,34.95,0,46,E,,
2025/26,Liga 2,R. Esajas,Chaves,24,AM & W,55.36,71.53,65.89,64.63,23.47,37.59,62.24,0,16,B,,
2025/26,Liga 2,Manu Pozo,Torreense,24,AM & W,63.27,51.88,58.16,54.08,59.18,43.54,45.15,0,18,B,,
2025/26,Liga 2,Á. Zamora,Académico de Viseu F.C.,24,AM & W,83.16,55.83,64.29,44.56,51.28,34.35,31.12,0,20,C,,
2025/26,Liga 2,Reinaldo,Chaves,24,AM & W,66.84,56.83,70.99,71.77,41.84,24.49,64.03,0,14,B,1500000,
2025/26,Liga 2,I. Seydi,Torreense,24,AM & W,80.1,25.39,58.16,54.76,30.61,53.57,67.6,0,23,C,,
2025/26,Liga 2,Ronaldo Lumungo,Paços de Ferreira,24,AM & W,57.65,47.61,71.43,91.84,12.5,55.44,77.04,0,12,A,,
2025/26,Liga 2,João Guilherme,Académico de Viseu F.C.,25,AM & W,84.69,58.68,62.68,45.58,14.8,68.37,53.06,0,17,B,,
2025/26,Liga 2,Costinha,Paços de Ferreira,25,AM & W,62.5,30.15,50.58,46.26,53.57,46.6,29.08,0,37,C,,
2025/26,Liga 2,Léo Teixeira,Felgueiras 1932,26,AM & W,36.73,41.04,61.52,78.57,63.27,85.2,71.68,0,7,A,,
2025/26,Liga 2,João Silva,UD Oliveirense,26,AM & W,54.59,44.44,52.62,50,46.94,57.99,33.16,0,30,C,,
2025/26,Liga 2,B. Simo,Marítimo,26,AM & W,79.08,85.39,63.41,42.18,75.26,62.93,48.98,0,3,S,,300000
2025/26,Liga 2,C. Kahraman,Académico de Viseu F.C.,27,AM & W,64.03,93.07,49.71,25.51,65.31,41.67,30.36,0,19,B,,
2025/26,Liga 2,João Oliveira,Feirense,27,AM & W,11.48,73.29,32.94,35.71,49.74,54.76,27.04,0,39,D,,
2025/26,Liga 2,J. Van Der Gaag,União de Leiria,27,AM & W,43.62,96.39,69.1,79.25,62.5,45.41,80.1,0,1,S,,
2025/26,Liga 2,Bruno Silva,UD Oliveirense,28,AM & W,45.41,33.21,42.42,54.76,42.6,43.71,77.81,0,35,C,,
2025/26,Liga 2,Tiago Dias,Lusitania FC Lourosa,28,AM & W,59.18,77.15,74.49,91.16,53.57,23.98,56.63,0,8,A,,
2025/26,Liga 2,D. Loppy,Vizela,28,AM & W,28.06,70.45,47.67,62.93,53.83,53.74,69.39,0,15,B,,
2025/26,Liga 2,Jaiminho,Farense,28,AM & W,34.69,19.95,28.28,30.61,7.14,50.34,31.89,0,49,F,,
2025/26,Liga 2,Jair Matheus,União de Leiria,28,AM & W,50.26,55.59,60.5,62.24,56.89,70.41,73.47,0,9,A,,
2025/26,Liga 2,Bruno Almeida,Farense,29,AM & W,4.34,54.98,38.19,61.9,75.51,45.92,50.77,0,31,C,,
2025/26,Liga 2,Carlos Daniel,Marítimo,31,AM & W,85.71,50.55,42.42,7.14,26.02,47.28,17.35,0,45,E,,
2025/26,Liga 2,Davo,Penafiel,31,AM & W,76.28,48.74,60.93,46.94,65.05,21.43,31.38,0,25,C,,
2025/26,Liga 2,João Vasco,Lusitania FC Lourosa,31,AM & W,77.55,25.39,33.67,3.06,21.68,73.81,23.47,0,48,E,,
2025/26,Liga 2,Rúben Alves,Penafiel,31,AM & W,3.32,46.48,39.36,58.84,93.88,33.33,46.17,0,32,C,,
2025/26,Liga 2,Salvador Agra,Leixões,34,AM & W,45.15,69.9,42.86,38.1,46.17,46.94,38.27,0,34,C,,
2025/26,Liga 2,Marco Matias,Farense,36,AM & W,51.79,37.98,40.09,14.97,46.94,37.24,29.08,0,47,E,,
2025/26,Liga 2,T. Melnichenko,Porto B,19,CF,31.08,49.09,55.79,75.23,46.62,63.51,69.26,0,13,B,,380000
2025/26,Liga 2,Ivan Lima,Benfica B,21,CF,26.01,46.39,69.11,99.99,74.32,66.44,82.43,0,2,S,,
2025/26,Liga 2,Rafael Nel,Sporting CP B,21,CF,61.15,60.35,58.49,63.96,45.95,53.38,69.59,0,11,A,,
2025/26,Liga 2,J. Trevisan,Benfica B,21,CF,62.16,42.33,30.31,10.36,47.97,39.41,31.08,0,34,E,,
2025/26,Liga 2,Lucas Anjos,Sporting CP B,21,CF,44.26,25.67,42.47,64.41,53.72,63.29,31.42,0,26,C,,
2025/26,Liga 2,L. Vonić,Porto B,22,CF,48.31,22.51,37.07,45.05,63.85,42.57,45.61,0,28,D,,
2025/26,Liga 2,D. Michel,União de Leiria,22,CF,68.58,56.36,54.63,31.53,29.39,60.14,52.03,0,21,C,,
2025/26,Liga 2,José Bica,Leixões,22,CF,64.19,75.44,75.1,77.03,58.78,42.34,63.85,0,3,S,,300000
2025/26,Liga 2,Musa Drammeh,Torreense,24,CF,85.14,29.27,65.06,56.31,24.66,34.68,53.38,0,17,B,,
2025/26,Liga 2,Desmond Nketia,Feirense,24,CF,53.04,68.15,53.86,52.7,14.86,56.76,33.45,0,23,C,,
2025/26,Liga 2,Tiago Ribeiro,Feirense,24,CF,6.08,86.19,37.45,49.55,87.5,54.28,29.73,0,27,C,,
2025/26,Liga 2,Lucas Duarte,Felgueiras 1932,25,CF,72.3,29.72,53.67,46.4,42.23,69.14,64.53,0,14,B,,
2025/26,Liga 2,Raúl Alcaina,Penafiel,25,CF,30.74,33.77,57.34,81.98,23.99,43.02,65.54,0,22,C,,
2025/26,Liga 2,Tamble Monteiro,Portimonense,25,CF,86.49,49.09,64.86,45.95,37.84,56.31,56.08,0,12,A,,
2025/26,Liga 2,J. Sery,Penafiel,25,CF,69.26,66.66,53.86,32.88,48.65,50.45,40.88,0,20,C,,
2025/26,Liga 2,Manu Garrido,Vizela,25,CF,49.32,32.21,36.49,17.57,34.46,55.18,23.31,0,35,E,,
2025/26,Liga 2,Pedro Martelo,UD Oliveirense,26,CF,64.53,52.69,38.42,20.72,52.03,23.42,20.95,0,32,D,,
2025/26,Liga 2,B. Sangaré,Farense,26,CF,38.85,33.77,54.63,63.96,70.61,65.09,57.43,0,15,B,,
2025/26,Liga 2,João Victor,Paços de Ferreira,26,CF,38.51,38.17,32.82,41.89,42.23,51.13,41.89,0,29,D,,
2025/26,Liga 2,Mario Rivas,Felgueiras 1932,26,CF,71.62,68.51,66.02,61.71,51.01,87.16,73.31,0,1,S,,
2025/26,Liga 2,Y. Fortune,Vizela,27,CF,43.24,44.59,50.77,52.7,39.53,51.8,43.92,0,25,C,,
2025/26,Liga 2,Miguel Pereira,Lusitania FC Lourosa,27,CF,34.46,65.41,60.62,86.49,50.68,60.81,68.24,0,8,A,,
2025/26,Liga 2,Adrián Butzke,Marítimo,27,CF,82.77,69.36,72.01,44.59,61.49,54.05,70.61,0,4,S,,
2025/26,Liga 2,H. Mörschel,Vizela,28,CF,44.26,69.6,55.98,61.26,79.73,65.09,86.49,0,5,A,,
2025/26,Liga 2,M. Dauda,Portimonense,28,CF,29.05,49.09,53.47,67.12,34.46,86.04,57.09,0,16,B,,
2025/26,Liga 2,Ricardo Schutte,Penafiel,28,CF,8.45,19.36,37.07,75.68,58.78,27.03,62.16,0,30,D,,
2025/26,Liga 2,Leandro Antunes,Feirense,28,CF,46.62,69.86,54.63,58.11,64.19,76.58,63.18,0,9,A,,
2025/26,Liga 2,Andre Clóvis,Académico de Viseu F.C.,28,CF,93.58,53.36,61.39,32.88,35.47,31.76,42.91,0,19,C,,
2025/26,Liga 2,Pablo Fernández,União de Leiria,29,CF,33.11,75.66,50.77,65.32,76.69,65.54,67.23,0,10,A,,
2025/26,Liga 2,K. Zohi,Torreense,29,CF,59.8,69.98,54.25,30.63,75.34,27.93,28.38,0,24,C,,
2025/26,Liga 2,Rui Costa,Farense,30,CF,50,53.75,55.98,55.86,70.61,40.54,50,0,18,B,,
2025/26,Liga 2,Juan Muñoz,União de Leiria,30,CF,46.28,89.24,60.23,65.32,83.78,46.85,59.12,0,7,A,,
2025/26,Liga 2,B. Róchez,Leixões,31,CF,81.76,57.65,60.81,40.09,56.42,75.45,69.26,0,6,A,,
2025/26,Liga 2,Welinton Júnior,Portimonense,32,CF,18.58,20.26,29.73,51.35,31.76,8.56,35.14,0,37,F,,
2025/26,Liga 2,Ricardo Valente,Leixões,35,CF,46.28,52.24,38.22,33.78,39.86,29.05,30.74,0,33,D,,
2025/26,Liga 2,João Silva,Lusitania FC Lourosa,36,CF,42.57,41.03,32.24,24.32,43.58,29.28,29.05,0,36,E,,
2025/26,Liga 2,Roberto,Chaves,37,CF,67.57,33.21,34.36,15.32,46.96,45.95,30.74,0,31,D,,
2025/26,Liga 2,Diogo Ferreira,Benfica B,19,GK,0,0,0,0,0,0,0,45.83,14,D,,
2025/26,Liga 2,Gonçalo Ribeiro,Porto B,20,GK,0,0,0,0,0,0,0,39.24,19,E,,
2025/26,Liga 2,Diego Callai,Sporting CP B,21,GK,0,0,0,0,0,0,0,55.56,9,C,,
2025/26,Liga 2,Antonio Gomís,Vizela,22,GK,0,0,0,0,0,0,0,61.46,7,B,,
2025/26,Liga 2,Rafa,Paços de Ferreira,22,GK,0,0,0,0,0,0,0,56.94,8,C,,
2025/26,Liga 2,M. Gudžulić,Chaves,23,GK,0,0,0,0,0,0,0,50.69,10,D,,
2025/26,Liga 2,D. Gril,Académico de Viseu F.C.,24,GK,0,0,0,0,0,0,0,76.39,2,S,,
2025/26,Liga 2,Vitor Hugo,Lusitania FC Lourosa,24,GK,0,0,0,0,0,0,0,43.75,17,E,,
2025/26,Liga 2,Francisco Meixedo,Feirense,25,GK,0,0,0,0,0,0,0,34.03,23,F,,
2025/26,Liga 2,Miguel Ángel Morro,Leixões,25,GK,0,0,0,0,0,0,0,34.03,24,F,,
2025/26,Liga 2,Diego Altube,Feirense,26,GK,0,0,0,0,0,0,0,48.96,11,D,,
2025/26,Liga 2,Felipe Scheibig,Felgueiras 1932,26,GK,0,0,0,0,0,0,0,45.14,15,D,,
2025/26,Liga 2,Brian Araújo,Farense,26,GK,0,0,0,0,0,0,0,70.83,3,A,,
2025/26,Liga 2,Samú Silva,Marítimo,27,GK,0,0,0,0,0,0,0,68.75,4,A,,
2025/26,Liga 2,M. Cleiton,Portimonense,27,GK,0,0,0,0,0,0,0,41.32,18,E,,
2025/26,Liga 2,João Bravim,União de Leiria,28,GK,0,0,0,0,0,0,0,38.89,20,E,,
2025/26,Liga 2,Lucas Paes,Torreense,28,GK,0,0,0,0,0,0,0,77.08,1,S,,
2025/26,Liga 2,S. Cibois,Portimonense,28,GK,0,0,0,0,0,0,0,47.92,12,D,,
2025/26,Liga 2,Joan Femenías,Penafiel,29,GK,0,0,0,0,0,0,0,64.93,6,B,,
2025/26,Liga 2,Mateus Pasinato,Felgueiras 1932,33,GK,0,0,0,0,0,0,0,65.97,5,B,,
2025/26,Liga 2,Ricardo Ribeiro,UD Oliveirense,36,GK,0,0,0,0,0,0,0,44.44,16,E,,
2025/26,Liga 2,I. Stefanović,Leixões,38,GK,0,0,0,0,0,0,0,47.57,13,D,,
2025/26,Liga 2,Vózinha,Chaves,39,GK,0,0,0,0,0,0,0,36.81,21,F,,
2025/26,Liga 2,Marafona,Paços de Ferreira,39,GK,0,0,0,0,0,0,0,36.81,22,F,,
2025/26,Liga 3,Afonso Sousa,SC Braga B,19,CB,14.72,32.96,36.98,66.94,59.07,67.61,73.59,0,20,B,,
2025/26,Liga 3,Miguel Vila Cova,Varzim,19,CB,82.66,63.94,65.21,43.82,27.22,73.66,58.47,0,8,A,,
2025/26,Liga 3,Kauê Alves,Mafra,20,CB,34.07,62.81,61.87,87.37,48.79,52.42,76.01,0,11,A,,
2025/26,Liga 3,André Oliveira,Vitória SC B,20,CB,76.21,32.96,67.86,70.43,47.58,44.09,85.89,0,14,B,,
2025/26,Liga 3,Rika,Vitória SC B,20,CB,40.93,44.79,50.92,52.69,46.77,56.72,53.63,0,32,C,,
2025/26,Liga 3,Nuno Matos,SC Braga B,21,CB,16.33,57.76,36.41,51.61,73.79,36.83,40.73,0,47,C,,
2025/26,Liga 3,Moussa Camara,Mafra,21,CB,69.96,47.01,47.7,26.61,56.45,51.61,53.23,0,31,C,,
2025/26,Liga 3,Fodé Pascoal,SC Braga B,21,CB,49.8,44.79,45.74,53.76,58.47,63.44,52.82,0,23,B,,
2025/26,Liga 3,Afonso Pinto,CF Os Belenenses,22,CB,95.56,32.96,59.22,32.53,33.27,68.01,52.62,0,21,B,,
2025/26,Liga 3,Alcobia,Vitória SC B,22,CB,70.97,52.17,43.78,16.67,71.98,65.86,40.93,0,24,B,,
2025/26,Liga 3,Rui Carreira,Caldas,22,CB,34.07,50.97,50.35,54.3,53.23,45.43,45.77,0,40,C,,
2025/26,Liga 3,Samuel Vivas,Amarante,22,CB,50.4,56.22,41.82,48.92,45.77,60.48,43.75,0,29,C,,
2025/26,Liga 3,Gonçalo Cunha,Trofense,23,CB,47.58,70.6,56.91,69.09,44.96,35.35,58.27,0,34,C,,
2025/26,Liga 3,Duarte Maneta,Caldas,23,CB,58.27,32.96,58.64,71.77,43.95,53.9,76.41,0,16,B,,
2025/26,Liga 3,Duarte Henriques,Atlético CP,23,CB,64.31,32.96,69.82,87.1,75.4,51.61,64.52,0,7,A,,
2025/26,Liga 3,F. Mendes,Amarante,23,CB,33.27,40.89,32.03,30.65,12.5,52.55,57.46,0,57,D,,
2025/26,Liga 3,David Vinhas,União Santarém,23,CB,14.72,63.13,25.12,39.25,19.56,59.41,52.82,0,51,D,,
2025/26,Liga 3,Rui Pacheco,Paredes,23,CB,49.8,38.91,34.56,14.52,55.65,40.59,46.37,0,55,D,,
2025/26,Liga 3,Edu Borges,1º Dezembro,23,CB,26.41,32.96,33.41,43.01,60.48,68.01,43.95,0,36,C,,
2025/26,Liga 3,Fernando Loureiro,Sanjoanense,23,CB,25,44.49,30.18,37.37,68.15,53.09,23.79,0,50,D,,
2025/26,Liga 3,Eduardo Monteiro,Caldas,23,CB,89.11,44.79,86.87,87.37,66.13,43.55,71.17,0,5,A,,
2025/26,Liga 3,Cesinha,CF Os Belenenses,24,CB,30.04,56.32,59.68,87.63,62.5,40.73,90.73,0,12,B,,
2025/26,Liga 3,Derick,Varzim,24,CB,84.88,55.81,72.12,55.38,41.53,80.24,64.92,0,3,S,,
2025/26,Liga 3,Rodrigo Rêgo,Varzim,24,CB,26.01,44.79,37.9,42.2,66.13,67.47,46.77,0,27,C,,
2025/26,Liga 3,Pedro Pereira,União Santarém,24,CB,63.91,60.52,45.85,25.54,32.66,43.82,29.23,0,53,D,,
2025/26,Liga 3,Ricardo Teixeira,Académica,24,CB,63.1,32.96,54.49,55.65,28.23,44.49,45.77,0,46,C,,
2025/26,Liga 3,Francisco Saldanha,Trofense,25,CB,19.35,71.94,62.1,96.51,61.49,40.73,65.52,0,17,B,,
2025/26,Liga 3,David Martins,AD Marco 09,25,CB,18.35,55.81,43.43,54.3,26.61,59.41,52.22,0,42,C,,
2025/26,Liga 3,Guilherme,Académica,25,CB,60.89,56.22,46.08,44.89,18.55,36.96,47.78,0,54,D,,
2025/26,Liga 3,Bruno Almeida,Atlético CP,25,CB,50.6,50.97,64.4,65.05,39.11,75.13,57.86,0,9,A,,
2025/26,Liga 3,Alisson Calegari,Sporting Covilhã,25,CB,31.25,72.62,50.35,64.25,60.48,44.22,60.89,0,25,B,,
2025/26,Liga 3,Diogo Gomes,Trofense,25,CB,68.75,44.79,61.75,51.88,45.97,83.6,70.36,0,4,S,,
2025/26,Liga 3,Matheus Brito,Paredes,25,CB,33.67,32.96,46.08,62.9,73.59,22.04,46.57,0,52,D,,
2025/26,Liga 3,Miguel Rodeia,União Santarém,25,CB,42.14,77.05,58.87,58.6,37.5,62.9,57.26,0,15,B,,
2025/26,Liga 3,Chicão,Varzim,25,CB,42.54,52.59,43.43,44.89,39.31,41.94,63.91,0,44,C,,
2025/26,Liga 3,Carlos Balsa,Sporting Covilhã,26,CB,83.67,32.96,61.87,48.12,54.84,83.74,82.46,0,2,S,,
2025/26,Liga 3,L. Mané,1º Dezembro,26,CB,20.16,32.96,32.95,50.27,40.73,55.24,49.8,0,49,D,,
2025/26,Liga 3,Caiser Gomes,1º Dezembro,26,CB,27.22,59.16,50.12,60.22,64.92,18.01,35.08,0,56,D,,
2025/26,Liga 3,João Serrão,São João Ver,26,CB,83.87,50.97,61.29,37.9,83.47,47.85,18.35,0,26,B,,
2025/26,Liga 3,Rodrigo Monteiro,Lusitano Évora 1911,26,CB,72.58,32.96,44.24,26.34,20.97,34.81,34.27,0,59,E,,
2025/26,Liga 3,Pedro Nuno,Varzim,26,CB,63.51,32.96,48.5,45.16,39.92,50,49.19,0,41,C,,
2025/26,Liga 3,João Filipe,Amarante,26,CB,86.69,46.67,45.39,14.52,32.86,36.02,26.21,0,58,D,,
2025/26,Liga 3,Fran González,Atlético CP,27,CB,26.21,32.96,19.7,11.29,39.92,30.38,22.18,0,62,F,,
2025/26,Liga 3,Rui Bruno,São João Ver,27,CB,23.79,67.34,49.08,60.22,72.58,48.39,70.16,0,18,B,,
2025/26,Liga 3,André Serra,Sanjoanense,27,CB,97.58,59.38,60.25,21.77,26.01,54.57,46.98,0,30,C,,
2025/26,Liga 3,Tiago Palancha,Lusitano Évora 1911,27,CB,69.56,32.96,36.41,12.1,61.29,13.71,21.37,0,61,E,,
2025/26,Liga 3,Zé Ricardo,Caldas,28,CB,85.89,54.34,75.92,71.77,24.6,36.69,53.02,0,28,C,,
2025/26,Liga 3,Leandro Teixeira,Fafe,28,CB,54.44,44.79,55.53,56.45,71.17,66.53,43.55,0,13,B,,
2025/26,Liga 3,Bruno Morais,São João Ver,28,CB,60.08,58.5,47.24,33.6,63.91,75.81,45.56,0,10,A,,
2025/26,Liga 3,João Batista,Fafe,28,CB,70.16,70.52,67.97,58.33,78.23,14.78,45.97,0,35,C,,
2025/26,Liga 3,Gonçalo Pimenta,Varzim,29,CB,37.5,61.99,59.79,77.96,31.05,49.19,50,0,33,C,,
2025/26,Liga 3,Nuno Tomás,CF Os Belenenses,30,CB,62.3,80.95,64.06,56.99,77.62,35.48,43.35,0,22,B,,
2025/26,Liga 3,Tiago Duque,Amora,31,CB,28.43,32.96,32.14,37.37,55.24,39.25,14.31,0,60,E,,
2025/26,Liga 3,Manuel Pedro,AD Marco 09,31,CB,29.23,75.02,49.42,53.76,68.35,39.25,35.69,0,37,C,,
2025/26,Liga 3,Cassiano,Lusitano Évora 1911,31,CB,84.07,52.72,56.8,25.81,39.92,40.46,35.89,0,45,C,,
2025/26,Liga 3,Dénis Duarte,Paredes,31,CB,60.69,42.51,55.88,63.17,80.24,64.25,64.52,0,6,A,,
2025/26,Liga 3,João Freitas,1º Dezembro,33,CB,76.41,90.46,80.76,71.24,82.26,59.81,46.37,0,1,S,,
2025/26,Liga 3,Hugo Basto,Trofense,33,CB,22.78,71.94,52.19,70.97,60.08,48.66,66.94,0,19,B,,
2025/26,Liga 3,Nuno Reis,União Santarém,35,CB,36.9,32.96,43.09,51.61,45.56,61.02,41.13,0,39,C,,
2025/26,Liga 3,Jaime Simões,União Santarém,36,CB,71.57,32.96,35.37,10.22,23.59,64.25,42.74,0,48,C,,
2025/26,Liga 3,Washington Santana,São João Ver,37,CB,20.77,49.09,36.29,57.26,50.2,49.19,54.03,0,43,C,,
2025/26,Liga 3,Miguel Lopes,Amora,39,CB,14.31,70.6,45.85,70.16,57.66,44.76,38.91,0,38,C,,
2025/26,Liga 3,António Infante,1º Dezembro,21,FB & WB,91.42,88.25,77.31,56.86,49.26,57.84,44.61,0,5,A,,
2025/26,Liga 3,Jorge Bernardo,1º Dezembro,34,FB & WB,22.3,66.02,37.11,35.62,59.56,50.98,33.33,0,42,D,,
2025/26,Liga 3,Káká,Académica,33,FB & WB,61.76,53.5,37.39,14.71,18.87,72.39,44.85,0,44,D,,
2025/26,Liga 3,Edson Farias,Académica,34,FB & WB,52.7,53.82,56.72,66.34,44.12,66.18,66.67,0,12,B,,
2025/26,Liga 3,Bruno Sousa,AD Marco 09,29,FB & WB,25,69.29,48.46,57.52,75.25,27.94,42.16,0,30,C,,
2025/26,Liga 3,Nandinho,AD Marco 09,29,FB & WB,71.08,60.07,60.08,44.44,57.11,37.91,44.61,0,22,C,,
2025/26,Liga 3,Erivaldo,AD Marco 09,32,FB & WB,79.41,20.27,53.5,36.6,18.63,42.81,55.39,0,45,D,,
2025/26,Liga 3,Tiago Ventura,Amarante,23,FB & WB,98.53,45.4,62.04,30.39,33.09,50.65,34.07,0,31,C,,
2025/26,Liga 3,Obama Ribeiro,Amarante,23,FB & WB,30.39,65.4,39.08,40.2,47.55,42.65,57.35,0,38,D,,
2025/26,Liga 3,Rui Ferreira,Amarante,24,FB & WB,63.24,69.09,54.9,46.41,34.56,38.07,50.25,0,29,C,,
2025/26,Liga 3,Joaquim Marques,Amora,22,FB & WB,81.62,56.22,63.31,45.42,41.42,49.35,39.71,0,21,C,,
2025/26,Liga 3,Fábio Pala,Amora,33,FB & WB,54.9,20.27,37.82,38.24,56.62,71.41,59.56,0,24,C,,
2025/26,Liga 3,Vicente Durand,Atlético CP,22,FB & WB,71.57,39.82,67.93,78.1,43.38,56.21,70.34,0,6,A,,
2025/26,Liga 3,Miguel Barandas,Atlético CP,26,FB & WB,94.61,95.44,87.11,75.49,87.5,22.22,45.59,0,3,S,,
2025/26,Liga 3,Paulinho,Atlético CP,34,FB & WB,36.27,53.65,35.29,16.99,77.21,72.22,34.8,0,32,C,,
2025/26,Liga 3,Diogo Clemente,Caldas,30,FB & WB,18.63,77.04,34.31,33.01,91.67,61.93,26.23,0,27,C,,
2025/26,Liga 3,Nuno Januário,Caldas,30,FB & WB,79.66,41.18,58.68,51.31,46.57,25.33,42.16,0,36,C,,
2025/26,Liga 3,João Machado,CF Os Belenenses,21,FB & WB,82.35,28.76,57.84,45.75,41.67,30.72,40.2,0,40,D,,
2025/26,Liga 3,Evandro Barros,CF Os Belenenses,26,FB & WB,44.61,71.91,72.41,95.42,21.81,30.72,67.65,0,14,B,,
2025/26,Liga 3,Miguel Bandarra,CF Os Belenenses,30,FB & WB,27.94,72.6,48.18,58.17,75.49,79.41,50.98,0,7,A,,
2025/26,Liga 3,Diogo Castro,Fafe,29,FB & WB,71.57,53.27,79.83,74.51,80.88,35.29,64.71,0,4,A,,
2025/26,Liga 3,João Vigário,Fafe,30,FB & WB,53.43,80.03,76.89,84.97,82.11,44.44,77.94,0,2,S,,
2025/26,Liga 3,Euri Carvalho,Lusitano Évora 1911,22,FB & WB,28.43,35.02,41.18,61.11,43.87,48.69,79.66,0,26,C,,
2025/26,Liga 3,João Pinto,Lusitano Évora 1911,31,FB & WB,37.5,85.51,41.04,43.46,88.97,53.59,60.54,0,13,B,,
2025/26,Liga 3,Djé Beni,Mafra,21,FB & WB,20.59,70.6,45.1,60.78,57.11,48.37,50.98,0,23,C,,
2025/26,Liga 3,Rafael Moreira,Mafra,24,FB & WB,40.2,30.98,48.18,58.5,37.99,42.16,62.75,0,37,C,,
2025/26,Liga 3,Celso Raposo,Mafra,30,FB & WB,29.9,47.12,47.34,60.13,62.5,68.95,54.9,0,15,B,,
2025/26,Liga 3,José Macedo,Paredes,22,FB & WB,20.59,37.26,39.36,64.05,22.3,55.23,52.94,0,43,D,,
2025/26,Liga 3,Diogo Outeiro,Paredes,25,FB & WB,36.27,32.62,47.06,58.5,38.97,47.88,65.93,0,33,C,,
2025/26,Liga 3,Pedro Araújo,Paredes,26,FB & WB,45.59,33.34,39.36,25.82,51.47,63.56,47.06,0,39,D,,
2025/26,Liga 3,Rui Santos,Sanjoanense,22,FB & WB,22.06,33.67,39.92,63.4,19.85,50,54.41,0,46,D,,
2025/26,Liga 3,Janico,Sanjoanense,23,FB & WB,41.67,30.12,53.36,71.9,42.89,70.42,84.07,0,11,B,,
2025/26,Liga 3,Vítinha,Sanjoanense,27,FB & WB,70.1,73.02,50.7,22.88,45.1,62.58,29.17,0,28,C,,
2025/26,Liga 3,Filipe Maio,Sanjoanense,27,FB & WB,56.37,74.95,41.46,36.6,67.16,51.31,49.75,0,18,C,,
2025/26,Liga 3,João Oliveira,São João Ver,25,FB & WB,72.3,47.12,74.51,77.78,23.77,35.95,63.97,0,16,B,,
2025/26,Liga 3,Miguel Vilela,São João Ver,26,FB & WB,41.42,61.72,54.34,52.29,81.62,44.28,41.67,0,17,C,,
2025/26,Liga 3,Joel Monteiro,São João Ver,35,FB & WB,67.16,33.67,50.7,38.56,58.09,31.7,42.89,0,41,D,,
2025/26,Liga 3,Guilherme Costa,SC Braga B,20,FB & WB,64.46,41.22,51.4,48.69,53.68,37.75,43.38,0,34,C,,
2025/26,Liga 3,Tomás Marques,SC Braga B,21,FB & WB,21.08,15.69,14.57,13.4,60.54,57.03,41.67,0,49,E,,
2025/26,Liga 3,Edu Silva,Sporting Covilhã,25,FB & WB,15.69,30.78,11.48,11.76,50.74,55.23,25,0,51,F,,
2025/26,Liga 3,Filipe Garcia,Sporting Covilhã,26,FB & WB,36.76,54.58,38.94,36.6,27.7,33.99,16.67,0,50,F,,
2025/26,Liga 3,Miguel Silva,Sporting Covilhã,27,FB & WB,26.47,50.99,46.92,66.67,58.33,50.33,59.31,0,19,C,,
2025/26,Liga 3,J. Oliveira,Trofense,21,FB & WB,77.45,52.29,72.97,89.22,14.46,47.88,73.53,0,9,B,,
2025/26,Liga 3,Edu,Trofense,26,FB & WB,72.55,30.44,48.32,39.22,35.78,64.05,36.27,0,35,C,,
2025/26,Liga 3,Joel Ferreira,Trofense,34,FB & WB,51.23,20.27,37.11,21.24,41.42,42.48,39.46,0,48,E,,
2025/26,Liga 3,David Monteiro,União Santarém,22,FB & WB,66.67,33.67,52.38,34.64,54.17,31.54,10.05,0,47,E,,
2025/26,Liga 3,João Ricardo,União Santarém,24,FB & WB,60.05,66.96,71.85,86.27,37.25,83.17,81.13,0,1,S,,
2025/26,Liga 3,Luís Filipe,Varzim,24,FB & WB,49.26,50.99,65.55,87.91,56.37,50,53.68,0,10,B,,
2025/26,Liga 3,Talocha,Varzim,36,FB & WB,55.39,48.7,44.82,24.84,54.17,72.88,45.59,0,25,C,,
2025/26,Liga 3,Rodrigo Silva,Vitória SC B,19,FB & WB,23.53,39.19,31.37,47.71,62.5,72.88,69.12,0,20,C,,
2025/26,Liga 3,Francisco Dias,Vitória SC B,23,FB & WB,36.27,56.22,52.52,69.61,66.91,59.48,71.32,0,8,B,,
2025/26,Liga 3,Paulo Lima,1º Dezembro,27,MF,68.64,62.99,57.99,48.31,66.95,66.95,54.24,0,9,A,,
2025/26,Liga 3,Vitó,1º Dezembro,28,MF,36.44,60.83,54.12,55.08,65.04,27.26,28.39,0,40,C,,
2025/26,Liga 3,Miguel Abreu,1º Dezembro,32,MF,66.95,28.62,43.83,23.16,31.78,64.27,23.31,0,52,D,,
2025/26,Liga 3,António Montez,Académica,24,MF,75.42,49.11,54.84,48.31,17.16,61.16,72.88,0,29,C,,
2025/26,Liga 3,Leandro Silva,Académica,32,MF,63.35,93.33,61.99,54.52,78.81,18.93,26.27,0,17,B,,
2025/26,Liga 3,Marcos Paulo,Académica,37,MF,95.13,45.57,62.35,35.59,30.08,38.42,50,0,39,C,,
2025/26,Liga 3,Bruno Guimarães,AD Marco 09,27,MF,94.49,49.12,74.46,61.02,58.05,13.14,40.89,0,23,C,,
2025/26,Liga 3,Diogo Silva,AD Marco 09,29,MF,61.23,71.79,75.42,90.96,48.73,45.62,66.95,0,7,A,,
2025/26,Liga 3,Fábio Pacheco,AD Marco 09,37,MF,51.06,23.82,21.67,10.17,10.59,89.97,44.92,0,55,E,,
2025/26,Liga 3,Duarte Duarte,AD Marco 09,38,MF,58.05,32.3,71.31,82.49,35.17,35.45,52.54,0,28,C,,
2025/26,Liga 3,Fernando Almeida,Amarante,23,MF,23.31,46.84,48.31,68.36,50.21,68.64,74.15,0,16,B,,
2025/26,Liga 3,Harruna Innusah,Amarante,26,MF,12.08,28.62,10.53,5.65,25,56.07,40.68,0,59,F,,
2025/26,Liga 3,M. Cunha,Amarante,26,MF,68.01,69.19,78.57,85.31,27.97,25.85,54.45,0,18,B,,
2025/26,Liga 3,Faissal Zangré,Amarante,29,MF,73.52,27.43,51.82,47.46,15.89,19.07,34.75,0,56,E,,
2025/26,Liga 3,Pedro Teixeira,Amora,21,MF,54.87,62.52,55.21,52.26,42.37,81.21,59.53,0,11,B,,
2025/26,Liga 3,Filipe Marques,Amora,28,MF,11.23,66.94,31.96,49.72,75.64,17.8,30.51,0,49,D,,
2025/26,Liga 3,Hélio Cruz,Amora,32,MF,13.35,32.91,23.85,39.83,34.75,51.98,60.81,0,54,E,,
2025/26,Liga 3,Mauro Antunes,Amora,34,MF,68.64,83.47,68.16,70.34,54.87,31.92,51.06,0,13,B,,
2025/26,Liga 3,Catarino Pascoal,Atlético CP,18,MF,72.03,65.06,77.72,76.27,49.36,59.46,62.71,0,5,A,,
2025/26,Liga 3,César Sousa,Atlético CP,25,MF,63.35,35.69,59.69,52.54,86.65,67.09,66.95,0,6,A,,
2025/26,Liga 3,Ricardo Dias,Atlético CP,35,MF,38.77,28.62,25.79,5.65,65.68,65.82,36.86,0,51,D,,
2025/26,Liga 3,Matheus Palmério,Caldas,24,MF,61.86,23.82,44.79,30.51,34.32,72.03,38.14,0,47,C,,
2025/26,Liga 3,Pipo,Caldas,29,MF,25,69.68,51.09,62.43,79.87,65.54,60.81,0,8,A,,
2025/26,Liga 3,Diogo Paulo,CF Os Belenenses,24,MF,49.15,85.57,72.4,87.57,69.07,62.43,72.46,0,1,S,,
2025/26,Liga 3,Tiago Morgado,CF Os Belenenses,32,MF,33.69,54.94,33.9,32.49,56.78,62.71,59.75,0,36,C,,
2025/26,Liga 3,Filipe Cardoso,Fafe,31,MF,62.29,25.75,35.84,26.55,54.66,75.99,57.63,0,33,C,,
2025/26,Liga 3,Vasco Braga,Fafe,32,MF,48.09,88.67,60.77,51.13,93.22,39.27,29.87,0,10,B,,
2025/26,Liga 3,João Oliveira,Fafe,34,MF,86.02,40.72,82.57,88.98,62.92,40.25,73.94,0,4,A,,
2025/26,Liga 3,Botche Candé,Lusitano Évora 1911,22,MF,27.97,28.62,33.41,37.85,65.47,61.3,48.31,0,42,C,,
2025/26,Liga 3,Tiago Baptista,Lusitano Évora 1911,30,MF,65.89,69.3,64.77,55.65,49.15,30.93,31.14,0,30,C,,
2025/26,Liga 3,Martim Águas,Lusitano Évora 1911,32,MF,83.47,78.62,78.69,71.19,86.02,44.63,58.47,0,2,S,,
2025/26,Liga 3,Andrey,Mafra,22,MF,51.91,57.66,52.3,51.13,13.56,71.33,60.81,0,34,C,,
2025/26,Liga 3,Braima Sambú,Mafra,25,MF,50.21,32.3,41.16,39.27,64.62,67.09,59.75,0,24,C,,
2025/26,Liga 3,R. Pinto,Mafra,34,MF,57.84,63.94,52.91,35.88,56.57,60.73,33.69,0,26,C,,
2025/26,Liga 3,David Veiga,Paredes,26,MF,21.82,45.91,40.31,55.08,38.35,49.72,71.4,0,45,C,,
2025/26,Liga 3,Pedro Ferreira,Paredes,26,MF,28.6,33.71,37.29,50.85,60.38,84.32,78.39,0,14,B,,
2025/26,Liga 3,Vasco Gomes,Sanjoanense,25,MF,55.72,32.91,45.88,41.81,32.84,46.33,53.6,0,48,D,,
2025/26,Liga 3,Edu Pinheiro,Sanjoanense,28,MF,82.2,58.12,52.42,26.55,32.2,53.25,40.89,0,41,C,,
2025/26,Liga 3,Andrezinho,Sanjoanense,30,MF,88.77,79.31,70.7,42.37,39.41,14.12,32.63,0,38,C,,
2025/26,Liga 3,João Castro,São João Ver,24,MF,73.52,23.82,64.04,77.4,35.17,28.11,66.53,0,31,C,,
2025/26,Liga 3,Rodrigo Valente,São João Ver,25,MF,50.21,59.13,57.14,50.56,48.73,52.26,50.42,0,27,C,,
2025/26,Liga 3,Barbosa,São João Ver,27,MF,37.5,54,50.12,53.67,80.93,41.38,49.58,0,20,B,,
2025/26,Liga 3,João Lomba,SC Braga B,18,MF,16.95,48.9,25.3,29.94,49.36,23.16,24.15,0,58,E,,
2025/26,Liga 3,Tiago Ferreira,SC Braga B,19,MF,56.36,28.62,35.59,21.75,38.35,59.46,26.27,0,53,D,,
2025/26,Liga 3,Rodrigo Ferreira,Sporting Covilhã,24,MF,42.58,48.96,39.59,48.02,55.3,42.09,34.75,0,46,C,,
2025/26,Liga 3,Angelo Barbosa,Sporting Covilhã,26,MF,37.08,44.73,42.98,55.37,33.26,66.24,73.73,0,32,C,,
2025/26,Liga 3,Mica,Sporting Covilhã,33,MF,20.76,53.92,34.38,36.72,65.68,28.81,44.49,0,50,D,,
2025/26,Liga 3,Ruca,Trofense,23,MF,39.83,50.38,64.65,73.16,36.02,57.77,59.53,0,19,B,,
2025/26,Liga 3,João Daniel,Trofense,23,MF,13.77,23.82,14.16,16.67,69.7,47.6,25,0,57,E,,
2025/26,Liga 3,Reko,Trofense,26,MF,26.06,66.62,53.03,70.9,41.31,40.68,44.28,0,37,C,,
2025/26,Liga 3,Idrissa Camará,União Santarém,23,MF,31.99,28.62,37.05,51.98,38.14,62.15,64.83,0,44,C,,
2025/26,Liga 3,Marco Grilo,União Santarém,32,MF,31.78,71.14,36.2,39.55,64.62,75.85,40.25,0,21,B,,
2025/26,Liga 3,Martim Boloto,Varzim,22,MF,18.86,48.71,32.69,48.31,62.5,51.69,45.97,0,43,C,,
2025/26,Liga 3,Francisco França,Varzim,24,MF,72.03,54.05,73,75.14,54.66,35.59,56.36,0,12,B,,
2025/26,Liga 3,Rúben Oliveira,Varzim,31,MF,39.62,61.82,31.96,31.64,53.6,71.19,44.92,0,35,C,,
2025/26,Liga 3,Zeega,Vitória SC B,17,MF,61.65,43.88,75.42,88.7,43.64,28.39,61.86,0,15,B,,
2025/26,Liga 3,Santiago Silva,Vitória SC B,18,MF,74.15,36.69,52.66,51.69,48.52,51.55,56.78,0,25,C,,
2025/26,Liga 3,Ricardo Rocha,Vitória SC B,22,MF,40.04,32.3,43.83,54.52,56.99,69.35,59.96,0,22,C,,
2025/26,Liga 3,Hugo Nunes,Vitória SC B,24,MF,64.83,85.57,75.42,74.01,63.35,58.62,75.85,0,3,S,,
2025/26,Liga 3,A. Duarte,SC Braga B,20,AM & W,24.73,57.16,34.8,54.26,53.99,21.99,43.35,0,38,E,,
2025/26,Liga 3,Rodrigo Duarte,Vitória SC B,20,AM & W,43.88,82.56,57.45,56.74,76.06,36.52,51.06,0,13,B,,
2025/26,Liga 3,S. Iheanacho,Mafra,21,AM & W,94.15,37.24,59.57,30.85,18.88,25.89,35.11,0,39,E,,
2025/26,Liga 3,Vasconcelos,SC Braga B,21,AM & W,45.48,54.59,39.82,37.23,59.31,37.94,43.35,0,30,D,,
2025/26,Liga 3,M. Tepe,Vitória SC B,21,AM & W,54.52,46.6,53.65,60.64,15.16,77.13,59.04,0,21,C,,
2025/26,Liga 3,Guilherme  Paula,Vitória SC B,21,AM & W,68.62,53.82,58.05,36.88,23.14,37.23,31.91,0,33,D,,
2025/26,Liga 3,Miguel Nogueira,Vitória SC B,21,AM & W,94.95,42.61,71.73,60.28,47.34,51.06,57.71,0,10,B,,
2025/26,Liga 3,Tim,AD Marco 09,21,AM & W,45.48,33.25,47.57,58.87,64.89,44.15,63.3,0,24,C,,
2025/26,Liga 3,R. Coelho Fernandes,Académica,21,AM & W,83.51,67.78,58.51,34.04,51.6,55.85,28.72,0,18,C,,
2025/26,Liga 3,Rodrigo Mordomo,SC Braga B,21,AM & W,65.69,32.61,48.63,45.39,35.11,65.96,52.39,0,26,D,,
2025/26,Liga 3,M. Moreno,Paredes,22,AM & W,54.79,60.89,73.1,79.43,60.11,65.78,84.04,0,4,S,,
2025/26,Liga 3,Miguel Rebelo,Varzim,22,AM & W,60.64,26.58,26.44,13.12,62.5,55.67,37.5,0,42,E,,
2025/26,Liga 3,Rodrigo Matos,Mafra,22,AM & W,71.01,88.36,66.11,51.77,36.17,30.5,44.41,0,16,C,,
2025/26,Liga 3,Daniel Carvalho,Vitória SC B,22,AM & W,21.28,63.62,41.19,37.23,77.66,23.05,27.93,0,36,E,,
2025/26,Liga 3,B. Souza,Académica,22,AM & W,56.12,60.35,51.37,60.64,59.57,69.68,84.57,0,9,B,,
2025/26,Liga 3,G. Águas,União Santarém,22,AM & W,10.64,52.49,38.6,63.12,56.65,63.3,49.47,0,25,D,,
2025/26,Liga 3,Diogo Sequeira,Varzim,22,AM & W,29.52,79.88,42.86,49.29,61.17,39.36,47.87,0,23,C,,
2025/26,Liga 3,Kiko Félix,Sanjoanense,23,AM & W,22.07,36.86,30.24,35.11,68.88,35.82,27.93,0,45,F,,
2025/26,Liga 3,Daniel Silva,Varzim,23,AM & W,17.55,14.88,46.35,85.11,23.14,58.87,80.85,0,28,D,,
2025/26,Liga 3,Juan Herrera,Atlético CP,23,AM & W,55.85,46.79,36.17,24.82,46.28,81.74,45.74,0,27,D,,
2025/26,Liga 3,Mauro Ribeiro,AD Marco 09,23,AM & W,36.7,26.22,39.51,43.26,47.07,32.09,41.76,0,44,F,,
2025/26,Liga 3,David Rebelo,CF Os Belenenses,23,AM & W,63.83,42.18,55.47,30.85,65.96,22.7,21.01,0,34,D,,
2025/26,Liga 3,Carlos Daniel,Fafe,24,AM & W,32.45,22.32,35.71,44.33,48.14,48.4,36.97,0,43,E,,
2025/26,Liga 3,Yuk Jinyoung,Paredes,24,AM & W,85.9,75.47,80.24,75.89,26.6,75.35,77.13,0,3,S,,
2025/26,Liga 3,João Couto,Sanjoanense,24,AM & W,78.72,44.23,68.09,59.93,33.78,50.35,73.4,0,14,B,,
2025/26,Liga 3,Picas,Fafe,25,AM & W,82.45,62.81,79.03,79.08,67.02,51.42,80.05,0,1,S,,
2025/26,Liga 3,Franco Almara,Lusitano Évora 1911,25,AM & W,44.68,69.03,68.39,87.94,51.06,47.16,72.87,0,5,A,,
2025/26,Liga 3,Afonso,CF Os Belenenses,25,AM & W,72.61,40.05,54.41,26.6,74.47,74.47,37.5,0,19,C,,
2025/26,Liga 3,Afonso Valente,CF Os Belenenses,25,AM & W,32.45,60.92,18.69,7.8,65.69,47.7,17.02,0,46,F,,
2025/26,Liga 3,Á. Gomes,Varzim,25,AM & W,22.34,38.1,50.91,81.91,21.28,69.68,86.97,0,20,C,,
2025/26,Liga 3,Zé Gata,Caldas,25,AM & W,62.77,30.48,67.63,84.75,34.31,46.99,70.21,0,15,C,,
2025/26,Liga 3,Jailson Gomes,Sporting Covilhã,25,AM & W,36.97,26.87,23.86,26.24,56.65,72.7,61.97,0,37,E,,
2025/26,Liga 3,F. Cruz,Sporting Covilhã,26,AM & W,15.69,46.24,33.13,56.38,43.62,57.45,60.64,0,31,D,,
2025/26,Liga 3,Lénio Neves,Mafra,26,AM & W,33.24,74.43,25.68,9.22,67.55,67.73,22.61,0,35,E,,
2025/26,Liga 3,Dino Semedo,Amora,27,AM & W,34.84,54.89,52.13,79.43,63.56,77.84,77.66,0,7,A,,
2025/26,Liga 3,Diogo Leitão,CF Os Belenenses,27,AM & W,89.1,37.2,46.66,7.09,25.53,29.43,14.63,0,47,F,,
2025/26,Liga 3,Erik,Paredes,28,AM & W,61.7,62.75,44.83,16.67,47.87,29.96,19.68,0,41,E,,
2025/26,Liga 3,Nuninho,Trofense,28,AM & W,48.4,69.44,68.24,76.24,38.56,71.28,64.1,0,6,A,,
2025/26,Liga 3,Marculino Ninte,Mafra,28,AM & W,77.13,66.94,57.75,42.55,27.39,51.95,39.36,0,22,C,,
2025/26,Liga 3,Joãozinho,Varzim,29,AM & W,37.23,54.19,49.85,56.38,76.06,47.52,64.36,0,17,C,,
2025/26,Liga 3,S. Davou,Lusitano Évora 1911,29,AM & W,41.76,27.71,59.57,81.56,65.96,63.83,70.74,0,12,B,,
2025/26,Liga 3,Nuno Pereira,São João Ver,30,AM & W,85.37,55.48,84.5,83.69,61.17,60.99,60.9,0,2,S,,
2025/26,Liga 3,Ednilson Furtado,Amora,30,AM & W,48.67,49.19,49.24,45.39,38.3,48.94,39.1,0,29,D,,
2025/26,Liga 3,Miguel Lopes,Amora,30,AM & W,71.81,75.51,72.8,61.35,87.77,22.34,34.84,0,8,A,,
2025/26,Liga 3,Caleb,Atlético CP,33,AM & W,40.96,82.54,51.67,45.04,91.22,53.01,43.88,0,11,B,,
2025/26,Liga 3,Ivandro,Trofense,35,AM & W,31.65,31.84,47.42,72.34,13.3,29.79,61.7,0,40,E,,
2025/26,Liga 3,Candeias,Académica,38,AM & W,10.11,34.02,32.37,43.26,62.5,71.45,52.66,0,32,D,,
2025/26,Liga 3,Manu,União Santarém,20,CF,34.62,42.73,64.1,89.32,52.24,45.94,64.42,0,11,C,,
2025/26,Liga 3,Miguel Vaz,Vitória SC B,20,CF,57.69,47.86,39.19,24.79,32.05,42.95,34.29,0,34,E,,
2025/26,Liga 3,T. Wander,Sanjoanense,22,CF,58.01,52.13,54.4,63.68,48.72,63.89,66.99,0,10,C,,
2025/26,Liga 3,Éberth,União Santarém,22,CF,43.59,31.13,29.3,19.23,44.23,59.19,35.58,0,36,F,,
2025/26,Liga 3,Caio Santana,Atlético CP,22,CF,42.31,78.55,70.33,82.48,71.79,80.56,79.81,0,2,S,,
2025/26,Liga 3,Chamito Alfândega,Varzim,22,CF,52.24,21.36,50.55,67.09,12.82,56.62,77.24,0,19,D,,
2025/26,Liga 3,Cuba,Académica,23,CF,80.77,49.62,54.4,32.91,48.72,29.27,24.68,0,25,D,,
2025/26,Liga 3,C. Niang,Sporting Covilhã,23,CF,48.72,24.78,60.99,90.6,33.97,39.53,69.23,0,14,C,,
2025/26,Liga 3,Pedro Clemente,Varzim,23,CF,52.56,38.46,44.14,35.04,30.13,35.9,41.67,0,33,E,,
2025/26,Liga 3,Pedro Marques,São João Ver,23,CF,57.69,21.36,56.78,64.53,66.35,88.46,75.96,0,6,B,,
2025/26,Liga 3,Yan Said,SC Braga B,23,CF,8.01,57.91,20.88,26.5,67.95,55.56,36.22,0,38,F,,
2025/26,Liga 3,André Liberal,Sporting Covilhã,23,CF,41.67,21.36,30.77,37.61,28.85,42.95,33.97,0,39,F,,
2025/26,Liga 3,M. Niang,Mafra,24,CF,74.04,64.58,54.58,30.77,40.38,42.74,39.1,0,18,D,,
2025/26,Liga 3,Balelo,Paredes,24,CF,87.18,21.36,52.75,37.18,33.01,18.16,37.5,0,31,E,,
2025/26,Liga 3,A. Idache,Amarante,24,CF,71.79,58.97,64.65,42.74,13.46,20.3,42.63,0,22,D,,
2025/26,Liga 3,Diogo Cardoso,1º Dezembro,24,CF,71.15,27.77,42.67,27.78,56.09,77.14,51.28,0,17,D,,
2025/26,Liga 3,Daniel Rodrigues,Amarante,24,CF,41.67,68.61,49.08,63.68,75,61.32,58.01,0,12,C,,
2025/26,Liga 3,Erick Teixeira Lima,São João Ver,25,CF,34.62,38.39,54.03,73.08,37.18,54.27,47.12,0,20,D,,
2025/26,Liga 3,Nicolás Souza,Atlético CP,25,CF,88.14,70.58,72.89,61.54,45.83,60.04,66.03,0,3,A,,
2025/26,Liga 3,Bruno Ventura,União Santarém,25,CF,22.76,70.23,40.84,47.44,91.03,45.94,37.82,0,24,D,,
2025/26,Liga 3,Théo Fonseca,Fafe,25,CF,18.59,32.05,29.49,36.32,63.46,48.93,33.01,0,37,F,,
2025/26,Liga 3,J. Saint-Louis,Amarante,26,CF,52.88,84.08,75.09,96.58,46.47,36.54,64.1,0,5,A,,
2025/26,Liga 3,Kibe,AD Marco 09,26,CF,50,47,56.78,44.87,77.24,35.47,50.96,0,16,C,,
2025/26,Liga 3,E. Ayiah,União Santarém,26,CF,20.51,27.77,47.07,82.48,25.64,60.04,53.53,0,26,D,,
2025/26,Liga 3,Rúben Fonseca,Paredes,26,CF,41.03,67.01,37.18,16.67,72.44,55.98,45.83,0,29,D,,
2025/26,Liga 3,Gonçalo Chaves,Caldas,26,CF,76.28,73.5,69.6,49.57,44.23,52.56,39.1,0,9,B,,
2025/26,Liga 3,João Oliveira,Amora,27,CF,43.27,52.99,39.01,37.61,37.82,31.84,41.03,0,35,E,,
2025/26,Liga 3,M. Diarra,Trofense,27,CF,75,48.18,63,55.13,41.67,68.38,66.99,0,7,B,,
2025/26,Liga 3,Eduardo,CF Os Belenenses,27,CF,85.9,48.34,55.49,21.79,32.05,29.91,40.06,0,27,D,,
2025/26,Liga 3,João Santos,Fafe,27,CF,84.29,57.91,80.95,82.91,70.83,60.26,78.53,0,1,S,,
2025/26,Liga 3,C. Triana,Académica,28,CF,59.62,66.75,53.85,43.59,54.81,76.5,47.44,0,13,C,,
2025/26,Liga 3,Dida,Lusitano Évora 1911,29,CF,51.28,48.18,48.9,37.61,71.47,29.91,32.69,0,28,D,,
2025/26,Liga 3,F. Cezar,Sanjoanense,29,CF,69.87,74.78,60.99,36.75,21.79,52.78,50,0,15,C,,
2025/26,Liga 3,Léo Cá,São João Ver,31,CF,43.91,87.1,69.96,90.17,74.68,43.59,68.59,0,4,A,,
2025/26,Liga 3,João Tarzan,Caldas,31,CF,17.95,69.44,51.65,70.51,81.09,69.66,86.86,0,8,B,,
2025/26,Liga 3,Ká Semedo,Fafe,31,CF,42.31,37.26,40.11,36.32,63.14,41.67,46.15,0,32,E,,
2025/26,Liga 3,Wilson Eduardo,CF Os Belenenses,35,CF,60.9,79.34,43.04,29.06,58.65,45.94,26.92,0,23,D,,
2025/26,Liga 3,Harramiz,1º Dezembro,35,CF,21.47,44.24,42.31,65.81,53.85,68.38,60.26,0,21,D,,
2025/26,Liga 3,Hugo Firmino,São João Ver,37,CF,15.71,46.29,28.21,48.29,78.85,70.94,48.4,0,30,D,,
2025/26,Liga 3,Gui,Vitória SC B,19,GK,0,0,0,0,0,0,0,61.23,8,A,,
2025/26,Liga 3,José Cardoso,Vitória SC B,19,GK,0,0,0,0,0,0,0,40.94,17,D,,
2025/26,Liga 3,Pedro Costa,Varzim,25,GK,0,0,0,0,0,0,0,30.43,22,E,,
2025/26,Liga 3,M. Mbaye,Varzim,28,GK,0,0,0,0,0,0,0,54.71,12,B,,
2025/26,Liga 3,Nuno Hidalgo,União Santarém,34,GK,0,0,0,0,0,0,0,63.04,7,A,,
2025/26,Liga 3,Nuno Silva,Trofense,28,GK,0,0,0,0,0,0,0,59.42,10,B,,
2025/26,Liga 3,Gustavo Galil,Sporting Covilhã,28,GK,0,0,0,0,0,0,0,37.68,18,D,,
2025/26,Liga 3,João Carvalho,SC Braga B,22,GK,0,0,0,0,0,0,0,64.86,5,A,,
2025/26,Liga 3,Diogo Figueiredo,São João Ver,25,GK,0,0,0,0,0,0,0,59.78,9,B,,
2025/26,Liga 3,Emanuel Novo,São João Ver,33,GK,0,0,0,0,0,0,0,63.77,6,A,,
2025/26,Liga 3,João Monteiro,Sanjoanense,24,GK,0,0,0,0,0,0,0,45.65,14,C,,
2025/26,Liga 3,Fábio Matos,Paredes,26,GK,0,0,0,0,0,0,0,73.91,1,S,,
2025/26,Liga 3,Pedro Silva,Mafra,29,GK,0,0,0,0,0,0,0,21.74,23,F,,
2025/26,Liga 3,Duarte Martins,Lusitano Évora 1911,24,GK,0,0,0,0,0,0,0,31.88,21,E,,
2025/26,Liga 3,Tiago Martins,Fafe,27,GK,0,0,0,0,0,0,0,65.94,4,A,,
2025/26,Liga 3,Guilherme Oliveira,CF Os Belenenses,31,GK,0,0,0,0,0,0,0,52.17,13,C,,
2025/26,Liga 3,Wilson Soares,Caldas,33,GK,0,0,0,0,0,0,0,34.78,20,D,,
2025/26,Liga 3,Fábio Ferreira,Atlético CP,27,GK,0,0,0,0,0,0,0,73.91,2,S,,
2025/26,Liga 3,Diego,Amora,26,GK,0,0,0,0,0,0,0,41.3,16,D,,
2025/26,Liga 3,Martim Duarte,Amarante,23,GK,0,0,0,0,0,0,0,69.2,3,S,,
2025/26,Liga 3,Danny,AD Marco 09,30,GK,0,0,0,0,0,0,0,42.03,15,D,,
2025/26,Liga 3,Carlos Alves,Académica,28,GK,0,0,0,0,0,0,0,35.51,19,D,,
2025/26,Liga 3,João Oliveira,1º Dezembro,23,GK,0,0,0,0,0,0,0,59.42,11,B,,
2025/26,Campeonato de Portugal,C. Moteiro,Eléctrico,22,CB,26.5,31.92,23.52,21.33,33.17,67.39,51.75,0,120,D,,
2025/26,Campeonato de Portugal,J. Faria,Vianense,35,CB,71.25,54.05,50.57,22.67,72.5,51.06,30.42,0,78,C,,
2025/26,Campeonato de Portugal,I. Padinha,Samora Correia,19,CB,25.25,37.53,39.38,60,33.75,52.11,45.58,0,117,C,,
2025/26,Campeonato de Portugal,Kauan Guilherme,Gouveia,19,CB,14,31.92,37,69.44,25.58,65.78,36.25,0,110,C,,
2025/26,Campeonato de Portugal,Gustavo Nogueira,FC Alverca B,19,CB,14.58,96.4,56.1,87.78,29.83,34.5,60.33,0,85,C,,
2025/26,Campeonato de Portugal,T. Bandeiras Dos Santos,Mirandela,20,CB,21.83,43.03,42.57,60.89,32.5,43.11,56.67,0,123,D,,
2025/26,Campeonato de Portugal,Rodrigo Dias,FC Alverca B,20,CB,66.33,55.05,47.05,41.44,34.17,38.39,39.42,0,118,C,,
2025/26,Campeonato de Portugal,Dinis Almeida,Fátima,20,CB,43.17,56.26,42.43,50.44,59.67,52.72,62.92,0,59,B,,
2025/26,Campeonato de Portugal,Tiago Lopes,Naval 1º de Maio,20,CB,25.08,60.26,47.24,67.44,35.75,41.61,59.08,0,102,C,,
2025/26,Campeonato de Portugal,P. Ribeiro Santos,Mirandela,20,CB,61.25,53.59,32.19,17.67,21.5,60,21.83,0,129,D,,
2025/26,Campeonato de Portugal,E. Vintoniv,Lusitânia,20,CB,30.92,31.92,43.38,61.78,61.08,79.28,64.92,0,27,A,,
2025/26,Campeonato de Portugal,D. Ege Sen,Samora Correia,21,CB,48.67,43.03,52.14,47.44,54.33,78.28,52.33,0,30,B,,
2025/26,Campeonato de Portugal,Diogo Marques,Lagoa,21,CB,25.25,49.7,36.62,35.78,43.5,49.5,53.83,0,111,C,,
2025/26,Campeonato de Portugal,Hugo Batista,AR São Martinho,21,CB,15.25,47.37,17.9,23.22,42.67,31.22,23.17,0,149,F,,
2025/26,Campeonato de Portugal,Francisco Borges,Chaves B,21,CB,74,45.25,56.1,52.33,69.67,62.11,71.17,0,12,A,,
2025/26,Campeonato de Portugal,Pedro Correia,Benfica Castelo Branco,21,CB,79.33,31.92,45.38,25.78,30.33,53.28,38.67,0,108,C,,
2025/26,Campeonato de Portugal,Ivaldino Santos,Comércio Indústria,21,CB,44.17,31.92,39.14,34.22,32.08,39.72,46.75,0,135,D,,
2025/26,Campeonato de Portugal,Tiago Aguiar,Moncarapachense,21,CB,64,31.92,38.9,27.22,30.33,44.28,47.33,0,128,D,,
2025/26,Campeonato de Portugal,Diego Tavares,Vitória de Sernache,21,CB,23.33,49.7,29.9,22.67,56.17,51.44,49.33,0,115,C,,
2025/26,Campeonato de Portugal,Diogo Aqueu,FC Alverca B,21,CB,70.25,93.02,80.71,92.33,54.17,34.83,55.42,0,20,A,,
2025/26,Campeonato de Portugal,I. Stankov,Lusitânia,21,CB,14,31.92,27.71,47.78,43.17,73.67,44.33,0,93,C,,
2025/26,Campeonato de Portugal,João Pimenta,Tirsense,21,CB,27.08,74.26,55.86,72.56,39.67,44.56,61.42,0,70,C,,
2025/26,Campeonato de Portugal,R. Geadas,Fátima,21,CB,56.42,31.92,45.05,46.67,40.08,45.89,63.83,0,94,C,,
2025/26,Campeonato de Portugal,Vasco Pereira,Vilaverdense,22,CB,47.33,31.92,39.29,30.33,50.17,77.94,49.33,0,61,B,,
2025/26,Campeonato de Portugal,R. Mendes,Monção,22,CB,28.92,43.03,49.29,67.11,51.75,61.5,51.33,0,65,B,,
2025/26,Campeonato de Portugal,I. Vasconcellos,FC Serpa,22,CB,69.75,47.37,52.05,40.67,63.67,56,47.67,0,52,B,,
2025/26,Campeonato de Portugal,Vivaldo Silva,Vila Real,22,CB,22.17,43.03,37.71,49.11,51.08,66.11,62.83,0,66,C,,
2025/26,Campeonato de Portugal,R. Gomes,Marinhense,22,CB,69.08,37.83,51.57,41.44,58,55.94,38.75,0,72,C,,
2025/26,Campeonato de Portugal,Ilunga Kitoko,Tirsense,22,CB,43.17,49.7,50.29,43.78,60.25,48.67,36.42,0,89,C,,
2025/26,Campeonato de Portugal,M. Costa,Portimonense SC,22,CB,54.5,43.03,46.33,41.11,20,25.67,17.75,0,147,E,,
2025/26,Campeonato de Portugal,Pedro Pinto,Celoricense,22,CB,24.92,47.37,48.52,81.78,63.5,59.56,90.67,0,18,A,,
2025/26,Campeonato de Portugal,David Castro,Vilaverdense,22,CB,44,68.48,72.14,90.33,76,46.33,61.42,0,15,A,,
2025/26,Campeonato de Portugal,Nuno Oliveira,Marialvas,22,CB,27.25,31.92,40.86,60.78,73.33,74.67,66.75,0,26,A,,
2025/26,Campeonato de Portugal,Leandro Maio,Marinhense,22,CB,29.58,43.03,37.33,38.33,74,36.61,15.75,0,132,D,,
2025/26,Campeonato de Portugal,Tiago Silva,Rebordosa,22,CB,33.08,31.92,37.95,46.22,32.42,33.56,28.42,0,143,E,,
2025/26,Campeonato de Portugal,João Douglas,FC Alverca B,22,CB,29.33,94.26,60.24,77.33,71.67,27.94,50.17,0,64,B,,
2025/26,Campeonato de Portugal,T. Silva,Fátima,22,CB,70.33,31.92,65.19,75.11,54.33,51,60.08,0,42,B,,
2025/26,Campeonato de Portugal,Pedro Alpoim,Anadia,22,CB,63.33,43.98,49.95,53.89,41.58,32.94,45.58,0,112,C,,
2025/26,Campeonato de Portugal,Lucas Almeida,Machico,22,CB,50.58,31.92,34.57,15,18.83,51.72,26.92,0,140,E,,
2025/26,Campeonato de Portugal,A. Toale,Gouveia,22,CB,29.83,31.92,25.43,21.33,33.67,54.61,33.75,0,136,D,,
2025/26,Campeonato de Portugal,L. Oliveira,Resende,23,CB,39.25,43.03,40.57,33,47.33,37.67,33.08,0,134,D,,
2025/26,Campeonato de Portugal,Rodrigo Cunha,Comércio Indústria,23,CB,77.33,54.57,56.9,41.44,32.83,44.56,37,0,100,C,,
2025/26,Campeonato de Portugal,Gonçalo Zuzarte,Alpendorada,23,CB,67.58,31.92,55.48,52.56,45.25,75.06,50.83,0,35,B,,
2025/26,Campeonato de Portugal,Nuno Teixeira,Machico,23,CB,15.83,31.92,28,46,67,5.28,15.17,0,150,F,,
2025/26,Campeonato de Portugal,Junilson Cá,Anadia,23,CB,60.5,43.03,57.95,55.33,53.92,70.44,58.92,0,25,A,,
2025/26,Campeonato de Portugal,David Araújo,Uniao Lamas,23,CB,75.5,58.48,62.67,58.67,81.58,68.83,49.25,0,3,S,,
2025/26,Campeonato de Portugal,José Botelho,Mirandela,23,CB,43.08,31.92,48.57,57.67,51.92,77.94,62.58,0,29,B,,
2025/26,Campeonato de Portugal,Matheus Matias,Oliveira Hospital,23,CB,43,77.96,59.86,77.78,67.17,59.67,75.75,0,5,A,,
2025/26,Campeonato de Portugal,Lourenço Pinto,Uniao Lamas,23,CB,42.33,31.92,34.81,26.56,56.83,72.67,46.17,0,74,C,,
2025/26,Campeonato de Portugal,Tomás Sério,Beira-Mar,23,CB,75.17,49.7,59.71,39.67,47.08,78.72,47.92,0,23,A,,
2025/26,Campeonato de Portugal,João Araújo,Os Limianos,23,CB,31.42,31.92,46.86,69.22,89.5,39.67,63.75,0,63,B,,
2025/26,Campeonato de Portugal,Fabio Melo,Brito,23,CB,77.33,53.03,58.19,25.78,22,45.61,31.5,0,124,D,,
2025/26,Campeonato de Portugal,Richard Santos,Leça,24,CB,30.83,31.92,35.9,44.44,56.08,32.56,65.5,0,125,D,,
2025/26,Campeonato de Portugal,Rafael Tavares,Alcochetense,24,CB,81.25,43.03,78,78.11,58.75,56.83,65.67,0,8,A,,
2025/26,Campeonato de Portugal,L. Van Der Gaag,Louletano,24,CB,50.67,65.14,53.67,41.67,65.17,48.28,60.33,0,53,B,,
2025/26,Campeonato de Portugal,L. Oliveira,Portimonense SC,24,CB,18.83,31.92,18.29,19.33,47.08,40.67,37.17,0,144,E,,
2025/26,Campeonato de Portugal,Pedro Francisco,Samora Correia,24,CB,21.5,86.32,45.86,56.67,43.58,72.61,46.5,0,43,B,,
2025/26,Campeonato de Portugal,André Alves,Beira-Mar,24,CB,52.67,31.92,62.76,78,51.67,53.72,74.5,0,37,B,,
2025/26,Campeonato de Portugal,B. Januário Mendonça,Vilaverdense,24,CB,23.92,43.03,32.57,34.78,49.42,36.5,30.08,0,139,E,,
2025/26,Campeonato de Portugal,Fábio Celestino,Benfica Castelo Branco,24,CB,49.17,70.26,67,71.44,42.33,49.5,67.33,0,40,B,,
2025/26,Campeonato de Portugal,Gonçalo Cardoso,Vila Real,25,CB,48.58,31.92,49.05,51.44,47.5,80.28,55.25,0,36,B,,
2025/26,Campeonato de Portugal,W. Vieira Santana,Machico,25,CB,42.67,56.26,49.14,48.44,23.75,50.78,71.83,0,86,C,,
2025/26,Campeonato de Portugal,Jorge Passas,Bragança,25,CB,77.83,49.7,68.19,48.89,25.83,70.39,58.67,0,31,B,,
2025/26,Campeonato de Portugal,Rui Cunha,Aparecida,25,CB,21.92,72.49,41.38,48,33.58,37.56,29.33,0,133,D,,
2025/26,Campeonato de Portugal,Luís Ferreira,Uniao Lamas,25,CB,23.83,71.92,36.71,34.56,57.08,47.28,41.42,0,104,C,,
2025/26,Campeonato de Portugal,G. Tobias,UD da Serra,25,CB,80.42,49.14,64.05,53.89,51.58,48.56,56.83,0,48,B,,
2025/26,Campeonato de Portugal,Diogo Cordes,Mirandela,25,CB,53.5,31.92,40.62,37.67,56.42,60.06,45.5,0,84,C,,
2025/26,Campeonato de Portugal,Tiago Araújo,Vianense,25,CB,52.5,69.92,71.57,81,53,57.44,55.83,0,19,A,,
2025/26,Campeonato de Portugal,Afonso Simão,Anadia,25,CB,53.42,52.86,62.81,79.78,52,49.94,57.08,0,45,B,,
2025/26,Campeonato de Portugal,Eddy,Bragança,25,CB,46.42,55.69,41.57,25.78,39.67,51.78,31.92,0,121,D,,
2025/26,Campeonato de Portugal,Manu Ribeiro,Benfica Castelo Branco,25,CB,37.67,68.59,50.33,45.56,43.5,39.22,32.83,0,119,D,,
2025/26,Campeonato de Portugal,João Paulo,Mortágua,25,CB,39.92,49.7,49.48,46.22,76.58,59.44,51.42,0,49,B,,
2025/26,Campeonato de Portugal,E. Gonçalves Pires,Bragança,25,CB,35.5,43.03,38.48,33.11,47.33,46.83,33.5,0,127,D,,
2025/26,Campeonato de Portugal,K. Ibouka,Vitória de Sernache,25,CB,73.08,48.55,54,46.89,62.42,72.39,77.17,0,6,A,,
2025/26,Campeonato de Portugal,João Guerra,Sintrense,25,CB,48.25,67.83,77.9,94.33,36,48.22,77.75,0,21,A,,
2025/26,Campeonato de Portugal,Fostino Manga,Tirsense,26,CB,89.83,31.92,54.38,30.44,25.42,55.33,39.58,0,99,C,,
2025/26,Campeonato de Portugal,I. Muhammad,Camacha,26,CB,96.17,66.92,63.24,25.78,26.25,54.61,52,0,60,B,,
2025/26,Campeonato de Portugal,Fábio Baldé,Leça,26,CB,42.42,68.59,37.57,32.78,91,43.06,45.33,0,71,C,,
2025/26,Campeonato de Portugal,Zé Simão,Oliveira Hospital,26,CB,57,36.76,44.29,49.11,46.58,43.39,64.33,0,88,C,,
2025/26,Campeonato de Portugal,Samir Banjai,Vitória de Sernache,26,CB,67.42,64.03,57.38,53,33.5,74.94,57.75,0,22,A,,
2025/26,Campeonato de Portugal,D. Andrade,Vasco da Gama Vidigueira,26,CB,15.92,31.92,33.81,59.44,71.33,55.67,45.92,0,87,C,,
2025/26,Campeonato de Portugal,Rodrigo Coutinho,Naval 1º de Maio,26,CB,69.33,31.92,54.71,55.33,68.83,74.83,77.08,0,4,S,,
2025/26,Campeonato de Portugal,L. Sousa Mendes,Brito,26,CB,18.67,66.16,40.81,61,59.75,31,47.5,0,113,C,,
2025/26,Campeonato de Portugal,Welson Lopes,Vasco da Gama Vidigueira,26,CB,46.25,79.87,69.29,80.67,34,70.33,58.25,0,11,A,,
2025/26,Campeonato de Portugal,Ricardo Costa,Vila Meã,26,CB,47.33,74.59,76.1,90.78,56.33,34.83,67.08,0,34,B,,
2025/26,Campeonato de Portugal,Celso Vieira,UD da Serra,26,CB,60.92,43.03,38.14,22.33,54.58,41.39,40.83,0,122,D,,
2025/26,Campeonato de Portugal,Aquino,FC Serpa,26,CB,95,55.37,88.24,79.11,28.67,23.61,52.5,0,73,C,,
2025/26,Campeonato de Portugal,Rodrigo Dias,Cinfães,26,CB,25.25,55.09,45.1,62.22,39.58,56.28,67.92,0,68,C,,
2025/26,Campeonato de Portugal,Hugo Meireles,Alpendorada,26,CB,68.67,31.92,57.38,62.44,63.67,25.5,37,0,107,C,,
2025/26,Campeonato de Portugal,Filipe Soares,Moncarapachense,26,CB,67.33,48.64,62.48,66.67,44,50.83,53.5,0,54,B,,
2025/26,Campeonato de Portugal,Simão Fernandes,Marialvas,27,CB,65.42,83.08,53.67,41.11,59.5,38.72,35.08,0,79,C,,
2025/26,Campeonato de Portugal,Nuca,O Elvas,27,CB,85.08,31.92,74.76,75.22,61.58,56.28,80.5,0,7,A,,
2025/26,Campeonato de Portugal,Rodrigo Alírio,Camacha,27,CB,48.25,62.73,55.86,50,69.17,48.39,51,0,55,B,,
2025/26,Campeonato de Portugal,Carimo Conté,Atlético Malveira,27,CB,54.5,54.57,47.81,53.89,54.17,41.83,54.67,0,82,C,,
2025/26,Campeonato de Portugal,J. Gomes Ferreira Sousa Pessoa,Gouveia,27,CB,71.08,49.7,75.48,81.89,48.17,71.11,68.83,0,2,S,,
2025/26,Campeonato de Portugal,Tiago Cavadas,Louletano,27,CB,57.17,40.86,47.33,46.44,64.33,43.61,54.42,0,80,C,,
2025/26,Campeonato de Portugal,Zé Pimenta,Os Limianos,27,CB,65.83,43.03,58.62,58.89,77.67,85.22,64.75,0,1,S,,
2025/26,Campeonato de Portugal,Gustavo,Resende,27,CB,64.67,43.03,53.33,45.44,50.58,44.44,40.17,0,91,C,,
2025/26,Campeonato de Portugal,Leonardo Dias,Juventude Évora,27,CB,47.67,41.75,40.24,32.11,38.33,46.56,52.42,0,116,C,,
2025/26,Campeonato de Portugal,Emerson Gomes,O Elvas,27,CB,38.58,54.05,41.71,36.56,62.83,39.83,57.17,0,98,C,,
2025/26,Campeonato de Portugal,Matheus Costa,Salgueiros,27,CB,18.5,31.92,23.95,33,29.33,75.67,44.83,0,109,C,,
2025/26,Campeonato de Portugal,Diogo Abdul,Beira-Mar,27,CB,85.33,31.92,58.86,39.11,38.33,55.28,45.42,0,75,C,,
2025/26,Campeonato de Portugal,Manuel Gutierrez,Ribeira Brava,27,CB,50.17,31.92,25.95,19.33,37.33,47.28,19.17,0,141,E,,
2025/26,Campeonato de Portugal,Dénis Martins,Vitória de Sernache,28,CB,22.25,31.92,46.19,79.89,67.5,30.17,55.33,0,106,C,,
2025/26,Campeonato de Portugal,Miguel Rosário,Vitória de Sernache,28,CB,59.83,59.43,40.76,17,43.83,54.67,44.25,0,95,C,,
2025/26,Campeonato de Portugal,Tomazi,Cinfães,29,CB,94.83,46.96,70.71,61.11,36,60.11,76.42,0,13,A,,
2025/26,Campeonato de Portugal,Diogo Nunes,Leça,29,CB,56.42,52.86,63,62.44,75.08,39.89,68.25,0,41,B,,
2025/26,Campeonato de Portugal,João Gomes,Alcochetense,29,CB,37.17,31.92,35.67,35.44,55,19.67,25.25,0,146,E,,
2025/26,Campeonato de Portugal,Gilson Correia,Juventude Évora,29,CB,62.17,31.92,56.62,66,36.75,42.06,38.33,0,105,C,,
2025/26,Campeonato de Portugal,E. Sarpong,Aparecida,29,CB,84.58,48.24,58.1,33.44,22.17,59.11,47.5,0,77,C,,
2025/26,Campeonato de Portugal,Luís Pimenta,Os Limianos,29,CB,23.17,31.92,22.86,24.22,67.33,22.06,20.17,0,148,F,,
2025/26,Campeonato de Portugal,Breno Freitas,JD Lajense,29,CB,81.08,74.26,63.33,34.56,37.17,60.44,45.58,0,46,B,,
2025/26,Campeonato de Portugal,Bastian,Moncarapachense,29,CB,50.42,31.92,36.33,19.33,22.83,53,54.33,0,126,D,,
2025/26,Campeonato de Portugal,Alexandre Costa,Ribeira Brava,29,CB,21.08,45.14,20.9,22.44,51.33,47.72,27.92,0,137,D,,
2025/26,Campeonato de Portugal,João,Florgrade,29,CB,73.5,41.75,60.29,67.78,45.17,36.33,78.5,0,57,B,,
2025/26,Campeonato de Portugal,Sandro Fonseca,Rebordosa,29,CB,22.83,43.03,35.57,43.22,29.33,29.72,46.83,0,142,E,,
2025/26,Campeonato de Portugal,G. Benjumea,Juventude Évora,30,CB,89.92,43.98,49.9,15.78,40.08,50.72,43.83,0,90,C,,
2025/26,Campeonato de Portugal,Rui Rodrigues,UD da Serra,30,CB,22.83,64.73,61.76,97.67,90.25,22.72,65.58,0,50,B,,
2025/26,Campeonato de Portugal,Ricardo Carvalho,AR São Martinho,30,CB,73,37.13,56.29,45,57,30.83,34.08,0,114,C,,
2025/26,Campeonato de Portugal,Emanuel,FC Serpa,30,CB,30.33,43.03,48.38,63.11,69,60.33,70.67,0,38,B,,
2025/26,Campeonato de Portugal,Carlos Mendes,Celoricense,30,CB,83.75,75.59,78.57,60.78,65.92,55.28,45.25,0,10,A,,
2025/26,Campeonato de Portugal,Ailton Tavares,Lagoa,30,CB,87.58,75.59,71.05,43,62.08,49.33,37.33,0,39,B,,
2025/26,Campeonato de Portugal,Ricardo Bouças,Monção,31,CB,24.58,72.75,44.29,54.56,67.17,52.28,51.33,0,62,B,,
2025/26,Campeonato de Portugal,Amadeu,Vila Meã,31,CB,61.75,76.08,68.1,69.67,48.17,44.67,65,0,33,B,,
2025/26,Campeonato de Portugal,E. Jesus Cruz Vincent,Eléctrico,31,CB,20.67,31.92,32.67,50.44,27,63.72,27.67,0,130,D,,
2025/26,Campeonato de Portugal,Tiago Correia,Louletano,31,CB,79.42,31.92,50.38,33.44,42.5,43.28,52.42,0,101,C,,
2025/26,Campeonato de Portugal,Vini,Salgueiros,31,CB,63.08,43.03,42.57,20.89,46.83,64.22,55.58,0,69,C,,
2025/26,Campeonato de Portugal,Paéco,Eléctrico,31,CB,72.67,49.7,78.1,83.11,36.42,61.28,61.08,0,17,A,,
2025/26,Campeonato de Portugal,Deritson Lopes,Oriental Lisboa,31,CB,57.42,60.72,52,47.11,33.33,42.72,53.33,0,92,C,,
2025/26,Campeonato de Portugal,Rui Filipe,Rebordosa,31,CB,39.5,43.03,46.57,46.67,50.5,45.17,50,0,103,C,,
2025/26,Campeonato de Portugal,Pepe,Alpendorada,31,CB,70.17,43.03,63.43,54.67,46.67,52.72,50.25,0,58,B,,
2025/26,Campeonato de Portugal,Pedro Meneses,Vila Meã,31,CB,42.92,86.82,52.38,43.33,50,71.89,65.42,0,16,A,,
2025/26,Campeonato de Portugal,Nuno Campos,Machico,32,CB,37.67,75.48,63,94.67,65,53.11,72.25,0,9,A,,
2025/26,Campeonato de Portugal,Sérgio Silva,Beira-Mar,32,CB,59,31.92,36.19,32.22,48,33.56,41.67,0,131,D,,
2025/26,Campeonato de Portugal,David Crespo,Oriental Lisboa,32,CB,37.08,68.59,59.14,75.67,74.67,30.11,65,0,56,B,,
2025/26,Campeonato de Portugal,Romário Carvalho,Sintrense,32,CB,81.08,54.91,61.24,31.78,56.33,27.67,50.92,0,96,C,,
2025/26,Campeonato de Portugal,Luís Oliveira,Peniche,32,CB,83.67,53.03,64.1,39.78,47.5,41.61,23.58,0,97,C,,
2025/26,Campeonato de Portugal,J. Moreno,Chaves B,32,CB,54.83,43.03,48.71,47.78,57.08,65.28,54.75,0,47,B,,
2025/26,Campeonato de Portugal,Didi,Celoricense,32,CB,20.67,88.98,32.43,23.78,29.42,39.39,27.17,0,138,E,,
2025/26,Campeonato de Portugal,Laércio Morais,Vianense,33,CB,67,58.48,70.86,80.44,70.67,41.5,76.75,0,14,A,,
2025/26,Campeonato de Portugal,António Pereira,Brito,34,CB,26.92,43.03,54.24,81.33,45.42,59.94,73,0,44,B,,
2025/26,Campeonato de Portugal,Tatiano Pereira,Mortágua,34,CB,42.42,62.92,44.95,48.89,43.5,56.06,43.33,0,83,C,,
2025/26,Campeonato de Portugal,Ruca,Anadia,35,CB,52.67,82.34,69.19,79.44,82.67,32.56,57.75,0,28,A,,
2025/26,Campeonato de Portugal,Rui Raínho,Florgrade,36,CB,27.25,75.59,63.14,89.33,82.42,39.83,67.83,0,24,A,,
2025/26,Campeonato de Portugal,Diogo Careca,JD Lajense,36,CB,69.58,56.81,50.48,26.56,69.17,52.67,23.25,0,81,C,,
2025/26,Campeonato de Portugal,Ricardo Machado,Florgrade,37,CB,49.08,71.14,47.71,29.89,67.5,46.5,54.42,0,67,C,,
2025/26,Campeonato de Portugal,T. Correia,Peniche,37,CB,67.5,43.03,43.1,15,30,30.28,16.25,0,145,E,,
2025/26,Campeonato de Portugal,Hugo Ventosa,Atlético Malveira,37,CB,30.17,69.43,53.19,64.56,72,59.17,53.08,0,32,B,,
2025/26,Campeonato de Portugal,Pecks,Salgueiros,37,CB,76.25,54.97,60.33,49.44,64.33,49.61,40.25,0,51,B,,
2025/26,Campeonato de Portugal,Fábio Marinheiro,Comércio Indústria,37,CB,46.75,49.7,56.29,53,34.42,52.78,60.58,0,76,C,,
2025/26,Campeonato de Portugal,Goncalo Cadete,Chaves B,19,FB & WB,76.21,75.95,76.23,73.63,30.22,37,65.11,0,29,B,,
2025/26,Campeonato de Portugal,Alexandre Corado,FC Serpa,19,FB & WB,66.14,27.94,51.23,53.86,43.66,33.15,52.33,0,95,C,,
2025/26,Campeonato de Portugal,Rodrigo Catraio,FC Alverca B,20,FB & WB,88.53,60.68,66.79,54.48,65.3,59.27,58.49,0,13,A,,
2025/26,Campeonato de Portugal,David Matthew,Lusitânia,20,FB & WB,57.65,48.09,55.49,68.41,42.72,81.16,82.65,0,11,A,,
2025/26,Campeonato de Portugal,Diogo Pinto,Aparecida,20,FB & WB,88.9,24.58,50.43,23.63,42.72,70.09,34.33,0,79,C,,
2025/26,Campeonato de Portugal,Mutaro Sila,Mirandela,20,FB & WB,26.59,41.27,47.92,67.91,25.19,48.82,63.53,0,85,C,,
2025/26,Campeonato de Portugal,I. Julian,FC Alverca B,20,FB & WB,46.83,76.56,60.23,60.07,37.78,19.22,46.18,0,91,C,,
2025/26,Campeonato de Portugal,Gabriel Tiburcio,Oliveira Hospital,21,FB & WB,24.07,47.09,43.12,64.55,83.49,34.02,54.01,0,62,C,,
2025/26,Campeonato de Portugal,Afonso Ferreira,Gouveia,21,FB & WB,34.51,40.75,34.54,30.6,37.31,49.5,36.75,0,121,E,,
2025/26,Campeonato de Portugal,Miguel Morais,Vila Meã,21,FB & WB,77.61,48.32,62.53,58.96,62.97,40.67,39.46,0,39,B,,
2025/26,Campeonato de Portugal,Martim Cruz,Sintrense,21,FB & WB,53.92,78.01,63.01,54.73,41.98,52.11,35.35,0,53,C,,
2025/26,Campeonato de Portugal,Rodrigo Silva,Mirandela,21,FB & WB,70.9,68.98,65.67,51.37,24.44,44.59,51.96,0,56,C,,
2025/26,Campeonato de Portugal,Lucas Dias,Samora Correia,21,FB & WB,23.51,36.01,25.11,23.26,71.92,51.68,13.25,0,125,E,,
2025/26,Campeonato de Portugal,Diogo Marques,FC Serpa,21,FB & WB,56.34,68.89,58.74,53.73,31.06,25.62,53.17,0,88,C,,
2025/26,Campeonato de Portugal,Simão Lopes,Chaves B,21,FB & WB,50.93,55.69,64.5,74.13,69.22,50.44,62.22,0,21,A,,
2025/26,Campeonato de Portugal,Duarte Bonito,Sintrense,21,FB & WB,56.72,79,78.25,83.96,53.36,40.11,61.47,0,14,A,,
2025/26,Campeonato de Portugal,Romeu Abazaj,Mirandela,21,FB & WB,93.75,24.58,62.37,42.16,12.31,63.43,45.24,0,74,C,,
2025/26,Campeonato de Portugal,Hélder Silva,Brito,21,FB & WB,82.09,27.94,63.17,52.49,19.4,39.37,47.48,0,93,C,,
2025/26,Campeonato de Portugal,Miguel Madeira,Mortágua,21,FB & WB,18.19,27.94,36.14,58.83,54.57,42.91,38.99,0,113,D,,
2025/26,Campeonato de Portugal,Mateus Santos,Samora Correia,21,FB & WB,44.87,41.49,58.96,62.94,40.49,53.73,51.31,0,60,C,,
2025/26,Campeonato de Portugal,Gonçalo Ribeiro,Vila Real,21,FB & WB,21.83,46.17,21.38,25.87,22.39,68.84,58.77,0,118,D,,
2025/26,Campeonato de Portugal,Óscar Garcia,Benfica Castelo Branco,21,FB & WB,55.97,31.27,49.47,67.66,36.94,79.42,86.47,0,24,A,,
2025/26,Campeonato de Portugal,Guilherme Fouto,Vasco da Gama Vidigueira,21,FB & WB,87.78,58.66,68.39,49,57.93,49.81,60.54,0,26,B,,
2025/26,Campeonato de Portugal,L. Moreira,Marialvas,21,FB & WB,70.71,34.05,45.2,33.21,37.41,39.68,34.89,0,114,D,,
2025/26,Campeonato de Portugal,João Pereira,Brito,21,FB & WB,42.54,55.58,52.19,50.25,56.16,34.95,29.29,0,102,D,,
2025/26,Campeonato de Portugal,T. Freitas,Fátima,22,FB & WB,93.38,72.46,76.44,55.22,56.06,15.42,40.02,0,41,C,,
2025/26,Campeonato de Portugal,Pedro Cotão,O Elvas,22,FB & WB,34.98,68.36,51.23,52.49,70.8,41.73,45.9,0,58,C,,
2025/26,Campeonato de Portugal,R. Gonçalves,Portimonense SC,22,FB & WB,25.84,19.35,25.75,32.96,41.23,42.66,39.46,0,128,E,,
2025/26,Campeonato de Portugal,José Pereira,Tirsense,22,FB & WB,31.62,74.45,37.69,29.35,53.73,51.74,33.02,0,104,D,,
2025/26,Campeonato de Portugal,Leonardo Serrano,Marinhense,22,FB & WB,45.99,27.94,30.92,9.58,60.63,55.85,10.63,0,126,E,,
2025/26,Campeonato de Portugal,B. Mané Baldé,Aparecida,22,FB & WB,26.59,51.65,33.85,39.55,45.52,73.82,55.97,0,75,C,,
2025/26,Campeonato de Portugal,Rúben Gonçalves,Chaves B,22,FB & WB,63.53,85.35,69.51,69.53,67.35,16.73,35.35,0,38,B,,
2025/26,Campeonato de Portugal,Fábio Alexandre,AR São Martinho,22,FB & WB,23.04,65.32,34.06,37.69,70.15,54.04,41.88,0,87,C,,
2025/26,Campeonato de Portugal,Francisco Moura,Lusitânia,22,FB & WB,21.74,24.58,22.01,24.5,47.57,64.43,49.16,0,120,D,,
2025/26,Campeonato de Portugal,Pedro Aires,Gouveia,22,FB & WB,30.69,41.12,31.56,37.81,10.73,29.54,40.39,0,131,F,,
2025/26,Campeonato de Portugal,Sylvestre Costa,Anadia,22,FB & WB,90.49,49.58,80.76,82.59,69.78,36.07,65.3,0,8,A,,
2025/26,Campeonato de Portugal,G. Sousa,Eléctrico,22,FB & WB,17.63,19.35,19.14,28.48,21.92,41.04,38.62,0,133,F,,
2025/26,Campeonato de Portugal,Leonardo Nunes,Naval 1º de Maio,22,FB & WB,31.81,60.68,31.08,28.86,40.49,82.34,49.44,0,76,C,,
2025/26,Campeonato de Portugal,Carlinhos,Louletano,22,FB & WB,22.2,37.58,39.34,64.3,24.25,71.27,74.16,0,64,C,,
2025/26,Campeonato de Portugal,João Rego,Vilaverdense,23,FB & WB,31.81,59.53,48.19,53.61,65.02,34.83,45.99,0,80,C,,
2025/26,Campeonato de Portugal,Daniel Pereira,JD Lajense,23,FB & WB,43,29.91,44.88,49.5,33.96,64.3,66.23,0,72,C,,
2025/26,Campeonato de Portugal,Diogo Ribeiro,Leça,23,FB & WB,72.29,45.05,60.45,63.68,46.64,66.42,72.48,0,19,A,,
2025/26,Campeonato de Portugal,I. Seidi,Atlético Malveira,23,FB & WB,48.13,70.57,39.13,38.81,53.82,78.36,60.82,0,33,B,,
2025/26,Campeonato de Portugal,Graça,Ribeira Brava,23,FB & WB,69.87,48.22,44.56,25.75,23.97,70.27,54.2,0,77,C,,
2025/26,Campeonato de Portugal,Filipe Carvalho,Florgrade,23,FB & WB,22.95,51.9,32.78,32.59,77.89,56.09,52.89,0,78,C,,
2025/26,Campeonato de Portugal,Sana Mane,Vilaverdense,23,FB & WB,41.23,36.01,59.54,79.98,46.55,39.74,76.12,0,36,B,,
2025/26,Campeonato de Portugal,Ruca,Anadia,23,FB & WB,83.58,51.02,53.46,28.73,20.71,66.48,34.98,0,83,C,,
2025/26,Campeonato de Portugal,Jair Brito,Louletano,23,FB & WB,91.32,26.17,52.72,29.85,36.57,53.05,37.69,0,97,C,,
2025/26,Campeonato de Portugal,Ricardo Cabral,FC Serpa,24,FB & WB,16.04,30.42,27.72,52.36,49.25,53.3,73.88,0,98,C,,
2025/26,Campeonato de Portugal,Tiago Carvalho,Monção,24,FB & WB,66.88,38.01,44.08,22.51,23.88,33.58,39.27,0,123,E,,
2025/26,Campeonato de Portugal,Simão Melhôr,Alpendorada,24,FB & WB,52.43,53.31,65.78,64.3,62.69,58.64,62.22,0,25,A,,
2025/26,Campeonato de Portugal,J. Muriel,Vitória de Sernache,24,FB & WB,46.92,58.55,60.82,81.47,38.99,47.14,69.31,0,30,B,,
2025/26,Campeonato de Portugal,Filipe Marques,Bragança,24,FB & WB,65.86,69.23,72.65,77.49,61.29,47.89,47.29,0,17,A,,
2025/26,Campeonato de Portugal,Marcos Bebê,Oliveira Hospital,24,FB & WB,42.26,55.39,69.94,87.56,79.29,71.39,77.24,0,1,S,,
2025/26,Campeonato de Portugal,Y. Lobo,Machico,24,FB & WB,56.9,57.17,66.95,59.95,82.18,57.9,44.59,0,23,A,,
2025/26,Campeonato de Portugal,Hugo Ferreira,Os Limianos,24,FB & WB,40.67,69.49,57.52,71.52,58.12,67.23,58.4,0,20,A,,
2025/26,Campeonato de Portugal,João Mendes,Peniche,24,FB & WB,58.96,24.58,40.14,36.69,66.98,50.62,37.59,0,100,C,,
2025/26,Campeonato de Portugal,N. Viana,Oliveira Hospital,24,FB & WB,95.52,37.76,77.51,63.68,50.75,19.03,27.89,0,68,C,,
2025/26,Campeonato de Portugal,Miguel Baptista,Comércio Indústria,24,FB & WB,44.4,24.58,39.23,55.72,61.47,55.22,63.43,0,61,C,,
2025/26,Campeonato de Portugal,Andre Paço,Florgrade,24,FB & WB,36.47,27.94,50.64,68.28,42.16,29.98,68.84,0,90,C,,
2025/26,Campeonato de Portugal,André Santos,Marialvas,24,FB & WB,60.35,62.15,50.48,42.41,75.19,65.11,40.67,0,31,B,,
2025/26,Campeonato de Portugal,R. Diogo,Resende,25,FB & WB,15.86,31.67,40.03,77.36,67.35,48.07,76.03,0,46,C,,
2025/26,Campeonato de Portugal,David Quimontche,Eléctrico,25,FB & WB,16.14,26.69,28.57,52.49,31.72,37.56,50.84,0,124,E,,
2025/26,Campeonato de Portugal,Rodrigo Domingues,Alcochetense,25,FB & WB,36.66,43.48,38.27,36.44,64.74,39.61,25.84,0,115,D,,
2025/26,Campeonato de Portugal,Vasco Cruz,UD da Serra,25,FB & WB,85.73,37.1,42.48,10.57,53.26,77.55,43,0,67,C,,
2025/26,Campeonato de Portugal,Carlos Silva,Mortágua,25,FB & WB,21.27,38.77,25.32,29.48,77.24,48.13,30.04,0,117,D,,
2025/26,Campeonato de Portugal,Pedro Vieira,Benfica Castelo Branco,25,FB & WB,50.93,81.1,46.7,33.46,38.81,43.47,11.94,0,111,D,,
2025/26,Campeonato de Portugal,Ismael António,Monção,25,FB & WB,17.07,31.11,17.06,25.62,23.23,58.71,45.43,0,129,E,,
2025/26,Campeonato de Portugal,P. Veiga,Lagoa,25,FB & WB,36.29,17.61,17.86,2.36,41.42,59.64,29.94,0,132,F,,
2025/26,Campeonato de Portugal,B. Cruz,Beira-Mar,25,FB & WB,46.27,39.33,31.66,25,77.99,80.35,52.71,0,54,C,,
2025/26,Campeonato de Portugal,D. Carvalho,Os Limianos,25,FB & WB,81.44,45.23,58.21,42.04,69.03,54.54,46.18,0,34,B,,
2025/26,Campeonato de Portugal,André Guedes,Vitória de Sernache,25,FB & WB,47.95,86.08,72.97,88.31,59.79,31.09,77.8,0,9,A,,
2025/26,Campeonato de Portugal,Miguel Rosa,Eléctrico,26,FB & WB,25.47,38.77,36.46,49.88,36.66,49.13,47.67,0,110,D,,
2025/26,Campeonato de Portugal,Miguel Dias,Brito,26,FB & WB,79.01,62.6,70.47,60.57,70.8,42.35,63.9,0,15,A,,
2025/26,Campeonato de Portugal,Cristiano Abreu,Marinhense,26,FB & WB,37.69,51.57,54.8,62.81,73.69,29.73,52.71,0,59,C,,
2025/26,Campeonato de Portugal,Tiago Ferreira,Peniche,26,FB & WB,90.86,24.58,68.76,57.21,33.58,53.61,50.28,0,43,C,,
2025/26,Campeonato de Portugal,Fábio Faria,Moncarapachense,26,FB & WB,40.21,30.19,44.03,56.47,53.54,31.97,33.21,0,112,D,,
2025/26,Campeonato de Portugal,João Martins,Tirsense,26,FB & WB,26.12,50.56,47.33,67.16,46.83,86.5,79.2,0,22,A,,
2025/26,Campeonato de Portugal,Didier Mosquera,Bragança,26,FB & WB,39.93,49.33,40.67,35.45,47.76,64.43,36.75,0,96,C,,
2025/26,Campeonato de Portugal,J. Rosário,Aparecida,26,FB & WB,38.81,54.18,46.48,45.65,34.05,61.26,44.96,0,86,C,,
2025/26,Campeonato de Portugal,J. Tsuno,Monção,26,FB & WB,45.43,56.36,67.8,86.57,38.25,63.43,81.44,0,12,A,,
2025/26,Campeonato de Portugal,Ricardo Lamy,Lagoa,27,FB & WB,32.09,40.94,33.16,33.33,23.79,71.21,54.85,0,105,D,,
2025/26,Campeonato de Portugal,Cássio,Os Limianos,27,FB & WB,54.57,62.04,68.07,71.27,67.16,27.92,49.91,0,35,B,,
2025/26,Campeonato de Portugal,Marinho,Alcochetense,27,FB & WB,82.37,74.65,76.6,71.52,57.37,61.94,58.49,0,4,S,,
2025/26,Campeonato de Portugal,Renato Gomes,JD Lajense,27,FB & WB,40.02,32.35,29,21.64,26.96,34.45,46.55,0,130,E,,
2025/26,Campeonato de Portugal,Fabinho,Moncarapachense,27,FB & WB,23.6,69.46,37.9,40.55,80.04,47.89,33.77,0,81,C,,
2025/26,Campeonato de Portugal,C. Tovar,Machico,27,FB & WB,66.42,63.26,57.09,48.88,36.19,29.29,44.12,0,92,C,,
2025/26,Campeonato de Portugal,Zé Maria,Lagoa,27,FB & WB,33.21,79.41,59.33,87.94,29.48,23.38,62.87,0,57,C,,
2025/26,Campeonato de Portugal,Roberto Coelho,Ribeira Brava,27,FB & WB,29.38,32.91,49.47,70.02,46.74,24.56,48.13,0,106,D,,
2025/26,Campeonato de Portugal,Eury Bento,Atlético Malveira,27,FB & WB,73.41,58.66,64.18,55.22,37.13,29.6,45.99,0,70,C,,
2025/26,Campeonato de Portugal,Iuri Alves,UD da Serra,27,FB & WB,35.45,76.27,51.49,50.12,76.21,69.59,51.4,0,28,B,,
2025/26,Campeonato de Portugal,Nassur Bacém,Moncarapachense,27,FB & WB,44.5,35.15,51.17,51.62,24.81,52.05,54.76,0,99,C,,
2025/26,Campeonato de Portugal,João Mendes,Juventude Évora,27,FB & WB,17.54,67.2,15.83,7.34,76.68,66.11,36.19,0,108,D,,
2025/26,Campeonato de Portugal,Diogo Trindade,Monção,27,FB & WB,51.31,67.33,52.83,61.69,76.49,74.32,75.93,0,5,A,,
2025/26,Campeonato de Portugal,Júnior,Juventude Évora,28,FB & WB,58.86,41.08,33.85,21.39,47.57,53.48,38.62,0,109,D,,
2025/26,Campeonato de Portugal,Edgar Teixeira,Rebordosa,28,FB & WB,25,64.03,42.96,55.85,37.59,65.98,73.32,0,45,C,,
2025/26,Campeonato de Portugal,Ézio Pinto,Atlético Malveira,28,FB & WB,24.35,45.23,50.32,76.49,44.5,40.3,57,0,73,C,,
2025/26,Campeonato de Portugal,F. Sanchez,Celoricense,28,FB & WB,50.56,56.42,53.84,47.14,72.95,37.06,54.48,0,55,C,,
2025/26,Campeonato de Portugal,Bruno Kajé,Lusitânia,28,FB & WB,40.86,43.24,52.67,70.52,18.28,64.74,72.39,0,47,C,,
2025/26,Campeonato de Portugal,José Varela,Sintrense,28,FB & WB,78.54,37.76,76.44,72.14,20.52,6.65,42.54,0,103,D,,
2025/26,Campeonato de Portugal,D. Quiñones,Vila Meã,28,FB & WB,35.63,47.84,49.09,55.97,45.43,65.67,62.03,0,48,C,,
2025/26,Campeonato de Portugal,João Tentugal,Salgueiros,28,FB & WB,71.83,47.09,47.23,32.84,58.77,58.52,41.88,0,63,C,,
2025/26,Campeonato de Portugal,João Miguel,Uniao Lamas,28,FB & WB,65.21,80.25,74.52,75.87,42.26,55.29,77.24,0,6,A,,
2025/26,Campeonato de Portugal,Guilherme,Comércio Indústria,29,FB & WB,63.62,30.67,56.72,61.44,58.58,49.32,50.37,0,49,C,,
2025/26,Campeonato de Portugal,Celsinho,Lagoa,29,FB & WB,70.34,50.83,55.28,36.19,38.62,76.43,45.99,0,42,C,,
2025/26,Campeonato de Portugal,Tiago Melo,Beira-Mar,29,FB & WB,82.56,73.08,76.76,66.29,76.77,48.57,51.96,0,7,A,,
2025/26,Campeonato de Portugal,Henrique Brito,Vianense,29,FB & WB,37.31,62.95,46.64,45.77,79.57,84.58,59.89,0,18,A,,
2025/26,Campeonato de Portugal,B. Beato,Fátima,29,FB & WB,37.13,74.58,51.6,48.76,64.09,64.74,41.32,0,37,B,,
2025/26,Campeonato de Portugal,Ivo Palma,Peniche,29,FB & WB,59.7,75.39,60.34,60.7,69.4,61.5,65.86,0,10,A,,
2025/26,Campeonato de Portugal,Rodrigo Souto,Vasco da Gama Vidigueira,29,FB & WB,37.13,65.01,54.85,72.26,48.88,37.75,60.45,0,52,C,,
2025/26,Campeonato de Portugal,Elvis,Louletano,29,FB & WB,75.28,48.6,54.53,31.59,49.44,49.5,32.37,0,82,C,,
2025/26,Campeonato de Portugal,Francisco Afonso,Cinfães,29,FB & WB,19.5,21.59,23.83,34.7,60.63,61.13,58.96,0,107,D,,
2025/26,Campeonato de Portugal,Chico,AR São Martinho,30,FB & WB,58.68,24.58,52.51,59.2,79.38,49.13,43.47,0,50,C,,
2025/26,Campeonato de Portugal,G. Goudelias,Resende,30,FB & WB,32.37,29.43,24.47,19.03,32.93,76.37,41.23,0,119,D,,
2025/26,Campeonato de Portugal,Armando,Vila Real,30,FB & WB,66.23,40,56.5,49.75,37.59,50.81,52.99,0,65,C,,
2025/26,Campeonato de Portugal,Rui Martins,Oriental Lisboa,30,FB & WB,49.81,50.2,47.49,40.42,18,23.63,25.56,0,127,E,,
2025/26,Campeonato de Portugal,Gonçalo Maria,Naval 1º de Maio,30,FB & WB,82.84,73.06,68.23,44.4,52.8,32.15,43.38,0,51,C,,
2025/26,Campeonato de Portugal,Zé Domingos,Leça,30,FB & WB,72.48,74.83,85.98,90.8,74.25,42.48,59.42,0,3,S,,
2025/26,Campeonato de Portugal,Fábio Rodrigo,Alpendorada,30,FB & WB,63.43,82.57,82.36,97.26,72.95,31.16,75.65,0,2,S,,
2025/26,Campeonato de Portugal,João Padi,Celoricense,30,FB & WB,64.74,78.43,62.05,52.61,35.63,32.21,46.74,0,66,C,,
2025/26,Campeonato de Portugal,Assis Júnior,Cinfães,30,FB & WB,37.5,69.97,45.31,42.41,59.51,49.07,47.48,0,69,C,,
2025/26,Campeonato de Portugal,Miguel Silva,Rebordosa,30,FB & WB,50.09,65.45,41.84,22.39,48.51,68.66,34.7,0,84,C,,
2025/26,Campeonato de Portugal,Gaby Faria,Vianense,31,FB & WB,58.68,76.77,51.44,37.19,44.31,38.93,33.02,0,94,C,,
2025/26,Campeonato de Portugal,Filipe Gusmão,Brito,31,FB & WB,78.26,21.59,67.96,81.34,75.19,47.39,58.96,0,16,A,,
2025/26,Campeonato de Portugal,Daniel Rodriguez,Uniao Lamas,31,FB & WB,42.16,32.41,44.83,50.5,26.59,80.29,78.64,0,44,C,,
2025/26,Campeonato de Portugal,Cristiano Gomes,Camacha,31,FB & WB,41.04,55.3,60.98,66.29,50.84,44.4,59.42,0,40,B,,
2025/26,Campeonato de Portugal,João Nogueira,Naval 1º de Maio,32,FB & WB,59.89,59.9,52.77,25.25,35.63,37,27.52,0,116,D,,
2025/26,Campeonato de Portugal,Carlos Freitas,O Elvas,32,FB & WB,22.85,32.17,22.87,30.22,93.84,70.52,35.73,0,89,C,,
2025/26,Campeonato de Portugal,Fábio China,Camacha,33,FB & WB,35.82,63.51,55.6,68.66,59.79,53.05,78.54,0,27,B,,
2025/26,Campeonato de Portugal,César Medina,O Elvas,33,FB & WB,63.62,54.3,41.1,18.03,36.38,32.21,30.41,0,122,E,,
2025/26,Campeonato de Portugal,Jorge Miguel,Salgueiros,35,FB & WB,43.84,55,42.54,42.29,77.43,31.84,31.25,0,101,D,,
2025/26,Campeonato de Portugal,Joãozinho,Oriental Lisboa,36,FB & WB,61.85,78.26,62.58,52.36,70.34,39.74,44.78,0,32,B,,
2025/26,Campeonato de Portugal,Itto Cruz,JD Lajense,37,FB & WB,72.29,19.35,42,20.77,86.19,61.94,36.66,0,71,C,,
2025/26,Campeonato de Portugal,A. Sousa,UD da Serra,39,MF,43.58,59.05,35.38,22.97,66.05,72.52,41.22,0,76,C,,
2025/26,Campeonato de Portugal,Francisco Fernandes,Monção,19,MF,83.45,52.81,77.9,70.16,71.71,29.34,46.37,0,30,B,,
2025/26,Campeonato de Portugal,Rodrigo Braga,Uniao Lamas,19,MF,16.13,38,31.03,49.44,73.4,60.92,65.46,0,75,C,,
2025/26,Campeonato de Portugal,A. Soumare,FC Alverca B,19,MF,72.04,79.54,57.72,34.23,48.99,47.13,38.68,0,65,C,,
2025/26,Campeonato de Portugal,Mairlon Oliveira,Oliveira Hospital,20,MF,79.48,46.88,76.54,83,72.38,61.88,76.18,0,5,A,,
2025/26,Campeonato de Portugal,Hugo Martins,FC Alverca B,20,MF,35.98,67.05,43.77,50.68,37.25,36.04,28.04,0,111,D,,
2025/26,Campeonato de Portugal,L. Giuntini Santiago,Mirandela,20,MF,76.94,63.62,83.35,84.8,31.59,71.4,82.09,0,10,A,,
2025/26,Campeonato de Portugal,D. Sancho,Beira-Mar,20,MF,87.75,47.29,82.43,87.05,47.72,69.88,89.19,0,4,A,,
2025/26,Campeonato de Portugal,Rafael Figueiredo,Gouveia,20,MF,59.8,45.15,66.99,78.15,47.97,22.07,52.03,0,68,C,,
2025/26,Campeonato de Portugal,H. Soares,Comércio Indústria,20,MF,56.5,52.49,49.47,38.96,39.95,30.63,31.84,0,115,D,,
2025/26,Campeonato de Portugal,Lucas Werneck,Chaves B,20,MF,78.12,30.85,56.08,38.18,27.79,36.2,29.48,0,118,D,,
2025/26,Campeonato de Portugal,Gui Monteiro,Naval 1º de Maio,20,MF,58.02,55.06,56.47,60.47,68.33,36.54,63.09,0,45,C,,
2025/26,Campeonato de Portugal,Mateus Matos,Lusitânia,21,MF,60.73,46.11,61,54.5,19.26,18.69,36.99,0,124,D,,
2025/26,Campeonato de Portugal,P. Otumba,Chaves B,21,MF,21.88,72.78,52.32,77.93,61.15,37.67,79.22,0,43,C,,
2025/26,Campeonato de Portugal,David Peres,Benfica Castelo Branco,21,MF,44.59,36.59,30.65,17.91,50.51,55.86,23.82,0,125,D,,
2025/26,Campeonato de Portugal,João Cruz,Benfica Castelo Branco,21,MF,45.86,27.13,34.75,36.6,46.03,73.09,48.73,0,90,C,,
2025/26,Campeonato de Portugal,Gabriel Rodrigues,Chaves B,21,MF,25.59,51.55,32.63,36.82,76.77,36.2,34.8,0,103,D,,
2025/26,Campeonato de Portugal,Pedro Santos,Lusitânia,21,MF,37.08,30.85,46.09,62.27,50.17,26.86,56.59,0,105,D,,
2025/26,Campeonato de Portugal,André Castelhano,Vasco da Gama Vidigueira,21,MF,22.04,20.38,29.68,45.16,46.79,27.93,55.57,0,130,E,,
2025/26,Campeonato de Portugal,Eduardo Barradas,Benfica Castelo Branco,21,MF,83.78,45.2,60.04,41.55,37.16,56.14,43.33,0,72,C,,
2025/26,Campeonato de Portugal,R. Embaló,Vitória de Sernache,21,MF,29.56,56.01,33.83,52.48,31.42,72.24,61.06,0,86,C,,
2025/26,Campeonato de Portugal,Bruno Faria,Ribeira Brava,21,MF,18.67,53.26,21.04,15.54,37.58,38.96,26.01,0,143,E,,
2025/26,Campeonato de Portugal,Mariano Regal,Vianense,21,MF,74.07,70.06,60.38,50.11,62.42,41.22,38.77,0,47,C,,
2025/26,Campeonato de Portugal,Pedro Almeida,Lusitânia,21,MF,38.6,48.69,39.96,29.62,30.15,50.73,59.63,0,116,D,,
2025/26,Campeonato de Portugal,Diogo Alves,Alpendorada,21,MF,29.05,62.53,48.41,52.59,52.28,56.02,39.86,0,80,C,,
2025/26,Campeonato de Portugal,Figa,Tirsense,22,MF,77.36,49.65,60.33,25.56,50.59,32.15,21.79,0,102,D,,
2025/26,Campeonato de Portugal,C. Augusto,Brito,22,MF,46.28,57.57,39.58,51.01,83.61,84.91,77.03,0,16,B,,
2025/26,Campeonato de Portugal,P. Miguel Rocha Macedo,Vilaverdense,22,MF,67.82,41.92,47.97,45.27,26.44,14.02,21.88,0,131,E,,
2025/26,Campeonato de Portugal,Tomás Vilela,Atlético Malveira,22,MF,54.56,47.55,41.55,30.29,61.4,74.1,49.32,0,57,C,,
2025/26,Campeonato de Portugal,R. Mendes Correia,Atlético Malveira,22,MF,82.09,41.71,62.11,56.87,47.89,54.22,57.01,0,44,C,,
2025/26,Campeonato de Portugal,Alex Silva,Fátima,22,MF,52.79,46.11,35.81,14.86,60.14,73.31,34.71,0,89,C,,
2025/26,Campeonato de Portugal,Coquinho,Oliveira Hospital,22,MF,89.44,67.76,89.29,90.65,86.49,73.31,74.92,0,1,S,,
2025/26,Campeonato de Portugal,Marco Pires,Fátima,22,MF,77.62,23.42,56.32,45.27,21.71,89.98,58.11,0,56,C,,
2025/26,Campeonato de Portugal,João Silva,Eléctrico,22,MF,21.96,47.74,33.49,43.69,42.57,18.19,27.28,0,137,E,,
2025/26,Campeonato de Portugal,Ricardo Matias,Marinhense,22,MF,42.82,49.65,56.37,50.45,28.72,39.64,42.65,0,108,D,,
2025/26,Campeonato de Portugal,Vasco Djú,Samora Correia,23,MF,32.77,54.41,28.33,20.95,45.78,61.37,39.95,0,114,D,,
2025/26,Campeonato de Portugal,Rúben Santos,Comércio Indústria,23,MF,33.28,27.13,57.29,87.84,49.83,67.34,70.44,0,35,C,,
2025/26,Campeonato de Portugal,Tiago Antunes,Anadia,23,MF,77.28,59.6,84.6,96.96,42.82,34.68,82.35,0,20,B,,
2025/26,Campeonato de Portugal,Claudio Mendes,Anadia,23,MF,24.49,20.38,34.89,54.05,38.18,25.62,39.1,0,133,E,,
2025/26,Campeonato de Portugal,D. Baba Dabo,Oliveira Hospital,23,MF,60.56,45.15,55.6,57.66,52.03,58.78,56.33,0,51,C,,
2025/26,Campeonato de Portugal,João Tiago,Marialvas,23,MF,72.38,84.65,64.09,44.37,64.78,38.74,59.12,0,34,B,,
2025/26,Campeonato de Portugal,F. Alves Carneiro Leal,Rebordosa,23,MF,35.73,72.65,60.62,77.36,43.67,56.14,52.79,0,42,C,,
2025/26,Campeonato de Portugal,B. Tcherno Candé,FC Serpa,23,MF,12.16,27.13,10.86,7.66,24.58,56.42,29.65,0,145,F,,
2025/26,Campeonato de Portugal,Rubinho,Uniao Lamas,23,MF,25.93,60.69,55.02,81.64,68.33,65.54,64.61,0,25,B,,
2025/26,Campeonato de Portugal,Edgar Moura,Vitória de Sernache,23,MF,76.1,44.92,69.06,52.59,50.51,60.92,47.72,0,40,C,,
2025/26,Campeonato de Portugal,Mamade Fernandes,Peniche,23,MF,28.21,30.85,29.39,25.79,26.94,60.92,54.98,0,129,E,,
2025/26,Campeonato de Portugal,Willian Gomes,Machico,23,MF,64.02,23.42,34.07,20.72,37.08,75.84,51.27,0,100,D,,
2025/26,Campeonato de Portugal,D. Pereira Nunes,Cinfães,23,MF,73.73,78.06,75.14,74.44,34.88,32.55,58.02,0,41,C,,
2025/26,Campeonato de Portugal,G. Dougnon,Vilaverdense,23,MF,29.56,23.42,44.35,66.33,44.51,31.81,47.04,0,112,D,,
2025/26,Campeonato de Portugal,Francisco Ferreira,Fátima,23,MF,31.08,33.71,39.24,48.65,57.01,60.81,54.48,0,85,C,,
2025/26,Campeonato de Portugal,André Grave,Lagoa,24,MF,15.96,46.05,41.46,73.99,65.96,39.13,67.48,0,69,C,,
2025/26,Campeonato de Portugal,Alexandre Moutinho,Portimonense SC,24,MF,80.91,39.29,63.95,52.82,27.28,16.84,29.31,0,117,D,,
2025/26,Campeonato de Portugal,Carlos Avelino,Leça,24,MF,69.93,55.56,57.67,39.41,89.95,89.86,67.4,0,7,A,,
2025/26,Campeonato de Portugal,Gonçalo Batalha,Marinhense,24,MF,29.48,68.98,51.11,62.73,81.93,42.17,59.71,0,39,C,,
2025/26,Campeonato de Portugal,M. Saleh,Eléctrico,24,MF,37.25,65.8,44.16,41.22,45.95,66.39,64.19,0,67,C,,
2025/26,Campeonato de Portugal,V. Neto,JD Lajense,24,MF,51.01,72.31,51.45,34.8,43.58,80.86,52.28,0,49,C,,
2025/26,Campeonato de Portugal,Deven Monteiro,Tirsense,24,MF,88.43,49.7,86.49,84.91,42.74,20.95,57.26,0,37,C,,
2025/26,Campeonato de Portugal,Pedro Sancho,Florgrade,24,MF,37.84,79.53,56.81,64.86,87.08,58.73,68.58,0,14,B,,
2025/26,Campeonato de Portugal,Tomás Lacerda,Sintrense,24,MF,81.25,62.27,74.18,65.43,12.75,61.15,53.55,0,48,C,,
2025/26,Campeonato de Portugal,Rodrigo Elias,Juventude Évora,24,MF,87.84,65.98,70.08,44.71,54.14,61.77,56,0,28,B,,
2025/26,Campeonato de Portugal,J. Francisco Torcato Pascoal,Eléctrico,24,MF,11.49,27.13,16.7,22.18,35.3,22.92,19.43,0,147,F,,
2025/26,Campeonato de Portugal,Daniel Lança,Vasco da Gama Vidigueira,24,MF,27.53,65.1,54.97,79.39,67.06,48.65,71.2,0,33,B,,
2025/26,Campeonato de Portugal,Matchu,Celoricense,24,MF,18.83,30.4,16.84,16.44,17.48,25,41.55,0,148,F,,
2025/26,Campeonato de Portugal,Sérgio Meireles,O Elvas,24,MF,16.89,36.76,33.01,49.32,16.39,31.81,52.36,0,139,E,,
2025/26,Campeonato de Portugal,Bula,Mortágua,24,MF,20.44,20.38,28.19,43.81,23.9,67.12,57.09,0,126,D,,
2025/26,Campeonato de Portugal,João Matos,Os Limianos,25,MF,83.7,34.34,50.58,18.81,35.22,52.2,28.63,0,110,D,,
2025/26,Campeonato de Portugal,Diogo Andrezo,AR São Martinho,25,MF,44.85,88.88,74.95,99.55,88.09,41.67,87.33,0,3,A,,
2025/26,Campeonato de Portugal,Abel Joshua,JD Lajense,25,MF,91.64,63.62,86.44,82.88,62.58,34.74,55.83,0,15,B,,
2025/26,Campeonato de Portugal,Diogo Gonçalves,Tirsense,25,MF,69.34,51.57,46.43,34.01,34.21,50.56,47.97,0,96,D,,
2025/26,Campeonato de Portugal,J.  Fonseca,Atlético Malveira,25,MF,25,34.34,34.03,37.39,45.02,38.4,53.38,0,127,D,,
2025/26,Campeonato de Portugal,Artur Simionato,Mortágua,25,MF,77.03,67.45,83.49,86.49,61.91,54,77.03,0,6,A,,
2025/26,Campeonato de Portugal,Xina,Os Limianos,25,MF,45.02,43.39,61.63,75.11,23.9,26.46,68.33,0,95,D,,
2025/26,Campeonato de Portugal,Nuno Pereira,Leça,25,MF,90.29,88.91,88.8,86.6,75.25,23.09,56.84,0,8,A,,
2025/26,Campeonato de Portugal,V. Dabó,Mirandela,25,MF,17.91,43.01,33.16,48.31,66.22,73.7,61.49,0,59,C,,
2025/26,Campeonato de Portugal,Gonçalo Costa,Florgrade,25,MF,99.49,83.88,85.47,68.47,63.26,41.27,46.96,0,11,B,,
2025/26,Campeonato de Portugal,Sander Ramires,Louletano,25,MF,63.77,51.23,59.07,62.27,21.2,61.2,60.73,0,63,C,,
2025/26,Campeonato de Portugal,Tiago Rodrigues,Atlético Malveira,25,MF,55.41,84.46,72.83,79.39,59.21,40.99,58.28,0,24,B,,
2025/26,Campeonato de Portugal,Ricardo Sousa,Vianense,25,MF,47.72,34.38,29.87,19.71,63.77,85.25,44.76,0,81,C,,
2025/26,Campeonato de Portugal,Bernardo Fortunato,Leça,25,MF,82.52,79.75,74.86,60.25,49.07,56.81,71.71,0,18,B,,
2025/26,Campeonato de Portugal,L. Sousa Maia,Marialvas,25,MF,12.84,20.38,27.46,52.25,59.8,54.22,54.9,0,106,D,,
2025/26,Campeonato de Portugal,Mário Borges,Alpendorada,25,MF,74.41,84.03,83.16,88.29,63.6,67.91,73.4,0,2,A,,
2025/26,Campeonato de Portugal,Russel Sandio,O Elvas,26,MF,78.89,47.29,55.45,26.24,19.59,57.38,39.1,0,104,D,,
2025/26,Campeonato de Portugal,António Baptista,FC Serpa,26,MF,46.71,45.15,47.06,37.84,67.23,73.03,54.14,0,50,C,,
2025/26,Campeonato de Portugal,Caio Carioca,Moncarapachense,26,MF,31.42,79.19,41.46,43.69,41.98,73.87,59.04,0,58,C,,
2025/26,Campeonato de Portugal,Gonçalo Pinto,Alcochetense,26,MF,67.23,47.74,64.58,77.7,77.62,51.46,60.73,0,19,B,,
2025/26,Campeonato de Portugal,Paulo Matos,Naval 1º de Maio,26,MF,44.43,69.81,69.98,78.83,81.93,61.09,63.18,0,9,A,,
2025/26,Campeonato de Portugal,Tiago Luís,Beira-Mar,26,MF,17.48,54.15,35.91,45.5,73.31,65.09,66.3,0,55,C,,
2025/26,Campeonato de Portugal,Renato Alexandre,Peniche,26,MF,27.53,51.23,54.2,81.08,23.23,61.94,71.54,0,60,C,,
2025/26,Campeonato de Portugal,L. Salgado,Uniao Lamas,26,MF,28.63,85.91,63.03,87.27,77.03,25.56,62.84,0,29,B,,
2025/26,Campeonato de Portugal,Miguel Ângelo,Salgueiros,27,MF,11.32,29.43,22.01,41.55,54.48,35.42,20.86,0,136,E,,
2025/26,Campeonato de Portugal,Tomás Martins,Samora Correia,27,MF,91.89,68.98,90.88,94.82,52.96,29.9,64.53,0,12,B,,
2025/26,Campeonato de Portugal,David Freire,Oriental Lisboa,27,MF,50.17,43.39,49.71,40.43,60.3,50,52.53,0,79,C,,
2025/26,Campeonato de Portugal,J. Juah,Moncarapachense,27,MF,47.04,32.47,28.57,14.75,44.17,38.85,26.77,0,135,E,,
2025/26,Campeonato de Portugal,I. Santos,Rebordosa,27,MF,36.06,27.13,27.22,13.96,59.29,82.77,45.35,0,98,D,,
2025/26,Campeonato de Portugal,Vítor Hugo,Monção,27,MF,10.98,73.53,25,26.46,57.85,38.63,22.97,0,128,D,,
2025/26,Campeonato de Portugal,António Baixinho,Vasco da Gama Vidigueira,27,MF,85.3,42.9,69.26,54.95,45.52,13.8,29.73,0,94,D,,
2025/26,Campeonato de Portugal,Apolo Silva,Tirsense,27,MF,63.01,37.83,43.87,22.86,19.76,75.17,43.58,0,107,D,,
2025/26,Campeonato de Portugal,João António,Aparecida,27,MF,27.2,49.42,32.72,20.61,12.75,54.05,32.6,0,140,E,,
2025/26,Campeonato de Portugal,Pedro Simões,Lagoa,27,MF,77.7,84.98,67.91,52.03,70.02,29,38.18,0,38,C,,
2025/26,Campeonato de Portugal,Emanuel Santos,Machico,27,MF,55.57,47.29,53.38,38.63,21.54,46.45,40.03,0,113,D,,
2025/26,Campeonato de Portugal,Bruno Silva,Vianense,27,MF,41.55,77.58,61.82,77.93,60.73,47.41,53.97,0,32,B,,
2025/26,Campeonato de Portugal,Marcelo,Ribeira Brava,27,MF,39.86,79.75,50.19,53.15,40.54,68.41,50.51,0,54,C,,
2025/26,Campeonato de Portugal,Andre Oliveira,Atlético Malveira,28,MF,75.59,29.66,54.87,52.03,78.21,85.59,59.21,0,17,B,,
2025/26,Campeonato de Portugal,Serginho,Brito,28,MF,56.17,47.47,71.81,93.36,66.64,8.95,55.74,0,46,C,,
2025/26,Campeonato de Portugal,D. Parini,Bragança,28,MF,19.17,51.56,38.51,52.14,32.26,68.81,50.25,0,97,D,,
2025/26,Campeonato de Portugal,Frederico Fernandes,Samora Correia,28,MF,14.36,75.83,43.77,63.51,67.91,45.89,44.59,0,61,C,,
2025/26,Campeonato de Portugal,José Miranda,FC Serpa,28,MF,76.18,37.83,71.67,69.14,35.73,33.9,47.21,0,70,C,,
2025/26,Campeonato de Portugal,Diogo Martins,Vila Meã,28,MF,44.68,42.1,52.94,62.39,65.96,9.91,35.14,0,101,D,,
2025/26,Campeonato de Portugal,Leo Andrade,Machico,28,MF,34.29,34.34,46.81,54.84,47.72,51.97,62.16,0,87,C,,
2025/26,Campeonato de Portugal,Henrique Leça,Camacha,28,MF,76.44,48.69,57.67,39.53,75.93,82.15,52.2,0,21,B,,
2025/26,Campeonato de Portugal,Huey,Camacha,29,MF,55.91,87.17,63.13,62.61,85.3,51.18,56.08,0,13,B,,
2025/26,Campeonato de Portugal,L. Nkolo,Salgueiros,29,MF,17.91,23.42,13.47,9.8,62.58,39.7,35.64,0,141,E,,
2025/26,Campeonato de Portugal,André Teles,Camacha,29,MF,27.53,34.34,50.14,71.62,70.02,31.14,74.58,0,64,C,,
2025/26,Campeonato de Portugal,Pablo Araújo,Brito,29,MF,97.04,72.4,97.1,94.14,28.63,14.08,59.38,0,31,B,,
2025/26,Campeonato de Portugal,B. Dos Santos,Vitória de Sernache,29,MF,88.51,80.85,76.69,61.71,34.71,43.52,46.62,0,36,C,,
2025/26,Campeonato de Portugal,J. Miranda Pires,Comércio Indústria,29,MF,25.59,29.32,18.73,11.82,63.09,67.85,39.44,0,121,D,,
2025/26,Campeonato de Portugal,Francisco Aguilar,Machico,29,MF,73.31,54.86,62.64,56.08,21.45,45.44,24.75,0,92,C,,
2025/26,Campeonato de Portugal,F. Duarte Monteiro,Aparecida,29,MF,29.48,36.19,53.38,83.78,27.03,24.1,56.93,0,109,D,,
2025/26,Campeonato de Portugal,B. Santos,Vitória de Sernache,29,MF,85.56,75.07,72.2,58.45,35.98,43.92,35.9,0,52,C,,
2025/26,Campeonato de Portugal,Vieirinha,UD da Serra,29,MF,51.6,72.94,69.79,84.46,68.07,41.55,57.94,0,22,B,,
2025/26,Campeonato de Portugal,S. Syzyi,Vila Meã,30,MF,45.95,37.08,26.83,26.46,46.54,72.47,51.27,0,99,D,,
2025/26,Campeonato de Portugal,Jordanes Medeiros,JD Lajense,30,MF,22.55,48.75,29.54,37.39,49.92,18.41,33.95,0,134,E,,
2025/26,Campeonato de Portugal,Muelson Samate,Os Limianos,30,MF,37.25,55.55,47.35,52.14,78.8,36.71,36.99,0,74,C,,
2025/26,Campeonato de Portugal,Guilherme Campos,Louletano,30,MF,21.11,32.88,18.97,18.36,36.99,79.79,55.57,0,123,D,,
2025/26,Campeonato de Portugal,Y. Bamba,Cinfães,30,MF,36.23,40.58,33.54,21.28,29.98,44.37,38.85,0,132,E,,
2025/26,Campeonato de Portugal,Lote,Vila Real,30,MF,33.61,25.84,25.14,19.14,19.09,61.37,26.86,0,142,E,,
2025/26,Campeonato de Portugal,A. Njoya,Rebordosa,31,MF,14.95,20.38,11.68,12.61,34.04,46.45,20.78,0,146,F,,
2025/26,Campeonato de Portugal,André Galamba,Oriental Lisboa,31,MF,58.45,56.75,63.22,64.41,51.77,34.01,41.89,0,66,C,,
2025/26,Campeonato de Portugal,S. Ferreira Nogueira,Cinfães,31,MF,36.23,40.45,24.52,23.09,56.67,51.07,42.74,0,120,D,,
2025/26,Campeonato de Portugal,A. Cabrera,AR São Martinho,31,MF,46.03,27.69,20.66,8.9,71.54,95.16,51.77,0,78,C,,
2025/26,Campeonato de Portugal,João Bandeira,O Elvas,31,MF,89.7,67.67,90.69,87.95,38.77,27.53,70.35,0,23,B,,
2025/26,Campeonato de Portugal,Marco Castelhano,Vasco da Gama Vidigueira,32,MF,62.67,32.59,35.96,17,60.73,68.52,48.73,0,88,C,,
2025/26,Campeonato de Portugal,Andrezinho,Celoricense,33,MF,47.97,20.38,29.44,21.96,25.08,47.41,35.98,0,138,E,,
2025/26,Campeonato de Portugal,Tiago Feiteira,Sintrense,33,MF,15.88,86.08,41.46,50.11,73.48,58,43.92,0,53,C,,
2025/26,Campeonato de Portugal,Zimbabwé,O Elvas,33,MF,65.37,20.38,37.4,23.54,43.33,53.21,36.49,0,119,D,,
2025/26,Campeonato de Portugal,Bela Tavares,Alpendorada,33,MF,53.04,38.09,45.46,42.12,38.94,75.34,60.3,0,71,C,,
2025/26,Campeonato de Portugal,Geraldo,Juventude Évora,33,MF,49.83,20.38,26.3,20.05,11.23,47.69,35.14,0,144,E,,
2025/26,Campeonato de Portugal,Tiago,Resende,34,MF,57.69,28.28,31.52,19.93,46.45,91.1,59.21,0,82,C,,
2025/26,Campeonato de Portugal,Paulo Grilo,Naval 1º de Maio,34,MF,38.85,54.72,52.8,59.23,66.39,30.24,39.7,0,83,C,,
2025/26,Campeonato de Portugal,N. Obiora,Anadia,34,MF,83.7,20.38,45.46,25.79,51.44,52.59,47.72,0,91,C,,
2025/26,Campeonato de Portugal,Mauro Santos,Vitória de Sernache,35,MF,56.67,48.07,59.85,64.41,28.04,50.45,74.58,0,62,C,,
2025/26,Campeonato de Portugal,Léléco,Alcochetense,35,MF,68.07,54.53,55.5,31.53,60.47,36.6,17.4,0,93,C,,
2025/26,Campeonato de Portugal,Capelo,Bragança,35,MF,37.92,65.62,45.37,43.13,58.53,58.33,40.79,0,73,C,,
2025/26,Campeonato de Portugal,Tiago Jogo,Florgrade,35,MF,17.31,35.94,30.16,49.55,75.59,62.84,58.61,0,77,C,,
2025/26,Campeonato de Portugal,Mica,Leça,35,MF,46.71,40.31,31.81,40.2,57.6,67.68,45.44,0,84,C,,
2025/26,Campeonato de Portugal,Seidy,Mortágua,36,MF,50.17,40.45,45.22,51.46,83.45,77.76,65.54,0,26,B,,
2025/26,Campeonato de Portugal,Diogo Rosado,Vilaverdense,36,MF,85.39,76.79,75.77,53.94,67.65,39.25,49.92,0,27,B,,
2025/26,Campeonato de Portugal,Ragner Paula,JD Lajense,37,MF,16.05,47.18,26.25,34.68,49.41,53.43,41.72,0,122,D,,
2025/26,Campeonato de Portugal,D. Garcia,Machico,22,AM & W,51.05,63.29,60.68,59.94,34.45,41.11,57.98,0,46,C,,
2025/26,Campeonato de Portugal,Ricardo Brito,Vianense,19,AM & W,91.6,42.45,55.04,24.37,33.51,53.5,42.44,0,72,C,,
2025/26,Campeonato de Portugal,Rodrigo Neto,Uniao Lamas,19,AM & W,73.53,29.44,47.12,33.33,40.55,70.59,66.28,0,62,C,,
2025/26,Campeonato de Portugal,Joy,Vila Meã,19,AM & W,36.76,23.84,35.59,51.96,23.84,69.54,44.85,0,104,D,,
2025/26,Campeonato de Portugal,Pedro Nóbrega,Ribeira Brava,20,AM & W,21.74,15.96,21.07,29.69,32.14,63.8,39.71,0,116,E,,
2025/26,Campeonato de Portugal,Tiago Silva,Fátima,20,AM & W,66.39,34.06,39.5,24.23,69.54,87.39,60.08,0,47,C,,
2025/26,Campeonato de Portugal,Francisco Sancho,Beira-Mar,20,AM & W,68.28,31.22,51.98,55.04,46.53,86.76,73.21,0,28,B,,
2025/26,Campeonato de Portugal,Rodrigo Figueiredo,Gouveia,20,AM & W,43.28,35.94,32.53,37.39,64.18,35.85,49.26,0,101,D,,
2025/26,Campeonato de Portugal,Pedro Pato,Samora Correia,20,AM & W,44.85,36.61,15.13,6.86,50,63.73,29.31,0,112,E,,
2025/26,Campeonato de Portugal,Francisco Morais,FC Alverca B,21,AM & W,89.18,31.17,75.33,78.43,48,77.73,67.96,0,6,A,,
2025/26,Campeonato de Portugal,Diamantino Jr,Samora Correia,21,AM & W,29.94,60.03,47.72,82.77,30.04,37.32,59.87,0,61,C,,
2025/26,Campeonato de Portugal,Francisco Martim,Celoricense,21,AM & W,50.11,44.21,67.71,89.08,32.46,28.64,69.96,0,40,B,,
2025/26,Campeonato de Portugal,M. Manga,Sintrense,21,AM & W,88.34,64.5,74.67,56.44,38.87,49.16,73,0,13,B,,
2025/26,Campeonato de Portugal,Pedro Vergueiro,Mirandela,21,AM & W,46.43,48.68,38.06,35.15,41.28,76.4,47.9,0,74,C,,
2025/26,Campeonato de Portugal,Raúl Cepeda,Marialvas,21,AM & W,86.97,69.48,66.27,53.92,67.12,31.02,41.91,0,24,B,,
2025/26,Campeonato de Portugal,Diogo Faria,Resende,21,AM & W,20.06,20.16,9.06,9.38,67.75,74.09,41.28,0,113,E,,
2025/26,Campeonato de Portugal,Rodrigo Geraldo,Alcochetense,21,AM & W,58.3,32.76,56.06,66.11,32.98,37.54,44.22,0,76,C,,
2025/26,Campeonato de Portugal,João Rianço,Mortágua,22,AM & W,13.13,49.18,24.37,32.63,26.16,36.97,46.32,0,114,E,,
2025/26,Campeonato de Portugal,Gustavo Teixeira,Vila Real,22,AM & W,50,28.7,22.87,14.99,75.74,92.65,51.89,0,77,C,,
2025/26,Campeonato de Portugal,E. Mucuana,Oriental Lisboa,22,AM & W,70.06,41.83,61.64,63.45,30.99,56.23,69.22,0,38,B,,
2025/26,Campeonato de Portugal,Miguel Pinto,Fátima,22,AM & W,42.54,64.13,51.68,55.74,68.59,62.39,64.92,0,26,B,,
2025/26,Campeonato de Portugal,B. Camará,Mirandela,22,AM & W,22.48,41.85,49.88,77.31,59.98,47.83,58.19,0,51,C,,
2025/26,Campeonato de Portugal,Edu Santos,Florgrade,22,AM & W,50.74,17.64,58.04,71.01,7.77,51.82,64.39,0,83,C,,
2025/26,Campeonato de Portugal,João Madureira,Vila Meã,22,AM & W,28.05,38.92,40.22,51.68,65.23,71.57,72.79,0,50,C,,
2025/26,Campeonato de Portugal,Gustavo Barge,Oliveira Hospital,22,AM & W,42.44,87.17,37.88,22.83,84.45,13.94,16.7,0,87,C,,
2025/26,Campeonato de Portugal,Rodrigo Conceição,Fátima,22,AM & W,82.67,69.14,81.21,80.11,89.5,50.21,70.8,0,2,S,,
2025/26,Campeonato de Portugal,João Pacheco,Tirsense,22,AM & W,51.47,54.19,70.35,78.15,35.19,58.75,70.38,0,23,B,,
2025/26,Campeonato de Portugal,Guilherme Pio,Lagoa,22,AM & W,80.78,86.64,75.51,74.09,33.82,60.71,65.55,0,4,A,,
2025/26,Campeonato de Portugal,Kiano Mendonça,Ribeira Brava,22,AM & W,39.18,19.04,41.9,60.36,44.85,54.13,58.82,0,86,C,,
2025/26,Campeonato de Portugal,João Batista,Peniche,22,AM & W,24.47,17.64,28.45,35.85,57.46,46.5,49.16,0,110,D,,
2025/26,Campeonato de Portugal,Nuno Martelo,Louletano,23,AM & W,56.2,29.82,63.93,72.55,65.34,71.08,75,0,16,B,,
2025/26,Campeonato de Portugal,Vagarinho,Benfica Castelo Branco,23,AM & W,43.49,59.51,40.22,21.29,67.65,79.55,48.32,0,56,C,,
2025/26,Campeonato de Portugal,Yuran Monteiro,Comércio Indústria,23,AM & W,34.45,64.1,62.55,77.17,18.7,57.07,68.7,0,36,B,,
2025/26,Campeonato de Portugal,Bernardo Mesquita,Leça,23,AM & W,73.11,78.87,75.81,64.29,65.65,53.85,52.21,0,5,A,,
2025/26,Campeonato de Portugal,Afonso Couto,Salgueiros,23,AM & W,40.44,19.04,36.73,32.21,56.62,76.26,64.71,0,82,C,,
2025/26,Campeonato de Portugal,Afonso Vagarinho,Benfica Castelo Branco,23,AM & W,34.03,55.17,40.22,28.99,66.7,78.99,56.2,0,54,C,,
2025/26,Campeonato de Portugal,Jucélio,Alpendorada,23,AM & W,71.53,63.94,59,44.26,59.03,42.65,39.5,0,42,C,,
2025/26,Campeonato de Portugal,Gustavo,Oriental Lisboa,23,AM & W,44.75,61.41,69.27,86.83,14.6,37.11,81.51,0,32,B,,
2025/26,Campeonato de Portugal,Rúben Marques,Cinfães,23,AM & W,54.41,17.64,34.75,31.65,50.42,92.16,57.56,0,75,C,,
2025/26,Campeonato de Portugal,Joel Mendes,Juventude Évora,23,AM & W,34.66,36.54,55.4,85.57,12.29,36.13,64.18,0,79,C,,
2025/26,Campeonato de Portugal,L. Santos,Vasco da Gama Vidigueira,23,AM & W,18.49,41.47,43.64,59.1,33.93,36.9,42.02,0,105,D,,
2025/26,Campeonato de Portugal,André Novais,Monção,23,AM & W,4.2,15.96,12,23.53,44.75,34.38,18.17,0,119,F,,
2025/26,Campeonato de Portugal,Mamadu Camará,Brito,24,AM & W,32.77,74.85,62,77.31,58.93,45.73,81.09,0,14,B,,
2025/26,Campeonato de Portugal,Tomás Palma,Louletano,24,AM & W,66.7,23.8,42.38,29.97,49.37,56.72,52.84,0,89,C,,
2025/26,Campeonato de Portugal,André Ramalho,Vianense,24,AM & W,78.05,87.37,69.45,50.14,56.09,59.17,40.76,0,9,A,,
2025/26,Campeonato de Portugal,Fredwilson Mendonca,O Elvas,24,AM & W,45.69,96.74,66.15,71.71,55.46,31.23,67.96,0,12,A,,
2025/26,Campeonato de Portugal,N. Dos Santos,Leça,24,AM & W,80.46,47.89,71.07,51.26,30.88,49.79,31.83,0,49,C,,
2025/26,Campeonato de Portugal,João Sousa,Vila Real,24,AM & W,62.92,43.78,39.44,14.15,39.92,75,33.72,0,93,D,,
2025/26,Campeonato de Portugal,Leandro Ferreira,Louletano,24,AM & W,89.5,90.02,89.08,84.31,63.24,43.7,71.01,0,1,S,,
2025/26,Campeonato de Portugal,Fernando Príncipe,Uniao Lamas,24,AM & W,46.64,17.64,35.41,47.2,62.5,61.34,57.56,0,81,C,,
2025/26,Campeonato de Portugal,Pedro Neto,AR São Martinho,24,AM & W,25,39.06,17.35,7.7,87.08,68.56,40.55,0,106,D,,
2025/26,Campeonato de Portugal,André Fontes,Brito,24,AM & W,59.03,47.05,39.8,25.91,71.95,28.29,30.25,0,96,D,,
2025/26,Campeonato de Portugal,Zé Thiago,Tirsense,24,AM & W,71.64,61.61,76.83,75.63,15.44,31.72,63.45,0,31,B,,
2025/26,Campeonato de Portugal,Vitor Fati,Camacha,25,AM & W,74.68,31.78,69.87,89.36,19.33,69.75,73.84,0,21,B,,
2025/26,Campeonato de Portugal,Eduardo Barros,Os Limianos,25,AM & W,70.17,45.51,62.67,61.62,45.8,41.74,39.39,0,48,C,,
2025/26,Campeonato de Portugal,Jota Lopes,Vila Meã,25,AM & W,73.42,52.51,70.53,64.57,41.18,30.81,48.74,0,41,B,,
2025/26,Campeonato de Portugal,Gustavo Martins,JD Lajense,25,AM & W,20.17,68.48,29.83,28.29,79.41,46.99,30.88,0,88,C,,
2025/26,Campeonato de Portugal,Diogo Morais,Monção,25,AM & W,74.58,51.53,77.43,88.1,19.54,38.38,56.3,0,27,B,,
2025/26,Campeonato de Portugal,Mica Évora,Atlético Malveira,25,AM & W,68.8,60.4,52.82,43.98,50.32,42.58,45.9,0,53,C,,
2025/26,Campeonato de Portugal,Rashid,Rebordosa,25,AM & W,23,69.99,44.78,52.94,24.16,50.84,34.35,0,90,C,,
2025/26,Campeonato de Portugal,Nico,Naval 1º de Maio,25,AM & W,58.61,28.56,44.24,31.93,56.83,51.33,40.86,0,92,C,,
2025/26,Campeonato de Portugal,D. Cabral,Portimonense SC,25,AM & W,33.72,26.18,34.21,32.91,21.85,23.95,30.57,0,117,E,,
2025/26,Campeonato de Portugal,Nuno Moreira,AR São Martinho,25,AM & W,65.13,60.21,36.07,4.34,60.61,64.78,27.63,0,85,C,,
2025/26,Campeonato de Portugal,D. Ferreira Pires,Bragança,25,AM & W,93.07,34.86,62.18,41.6,28.05,43.07,43.7,0,69,C,,
2025/26,Campeonato de Portugal,Telmo Silva,AR São Martinho,25,AM & W,22.9,39.9,28.51,28.57,57.04,51.89,50.63,0,107,D,,
2025/26,Campeonato de Portugal,Nuno André,Naval 1º de Maio,26,AM & W,79.73,82.54,58.64,33.33,52.42,31.79,51.58,0,39,B,,
2025/26,Campeonato de Portugal,Tiago Rosário,Comércio Indústria,26,AM & W,59.03,87.18,61.64,51.26,48.74,63.24,48.53,0,17,B,,
2025/26,Campeonato de Portugal,Rafa Tchê,JD Lajense,26,AM & W,80.04,44.81,56.12,37.39,69.96,60.01,49.68,0,33,B,,
2025/26,Campeonato de Portugal,Diogo Motty,Moncarapachense,26,AM & W,57.14,15.96,36.01,21.01,28.68,40.06,36.97,0,115,E,,
2025/26,Campeonato de Portugal,Jony,Alpendorada,26,AM & W,23.11,53.2,35.29,28.71,84.24,38.45,31.3,0,95,D,,
2025/26,Campeonato de Portugal,Zidane,Aparecida,26,AM & W,85.4,37.94,71.25,59.66,19.85,27.94,32.98,0,71,C,,
2025/26,Campeonato de Portugal,Samuel Cazares,Aparecida,26,AM & W,68.28,84.79,86.61,95.52,26.26,27.8,66.7,0,7,A,,
2025/26,Campeonato de Portugal,Tiago Varandas,Eléctrico,26,AM & W,43.38,66.24,66.57,84.03,38.55,53.57,64.5,0,19,B,,
2025/26,Campeonato de Portugal,Nicolas Reis,Leça,26,AM & W,90.55,54.55,81.81,70.31,58.4,58.61,68.91,0,3,A,,
2025/26,Campeonato de Portugal,Chiquinho,Vila Real,26,AM & W,47.37,47.79,62.18,75.91,39.92,34.24,65.02,0,44,C,,
2025/26,Campeonato de Portugal,P. Gaspar Ruivo,UD da Serra,26,AM & W,50.32,40.51,28.81,3.78,55.04,55.53,23.42,0,111,D,,
2025/26,Campeonato de Portugal,Jaílson,Bragança,26,AM & W,32.14,52.23,46.22,74.51,73.84,57.91,59.98,0,30,B,,
2025/26,Campeonato de Portugal,Y. Agbaoye,Moncarapachense,27,AM & W,42.33,54.89,46.16,44.4,50.21,65.9,56.62,0,55,C,,
2025/26,Campeonato de Portugal,Márcio Machado,Tirsense,27,AM & W,77.31,56.85,78.87,78.99,38.97,50.14,59.66,0,10,A,,
2025/26,Campeonato de Portugal,Leo Costa,Cinfães,27,AM & W,60.29,54.8,62.42,72.41,8.3,30.18,59.35,0,63,C,,
2025/26,Campeonato de Portugal,Marcelo Marquês,Peniche,27,AM & W,79.62,37.53,53.06,37.11,34.87,57.07,54.41,0,64,C,,
2025/26,Campeonato de Portugal,Sérgio Santos,Beira-Mar,27,AM & W,19.12,60.63,46.4,56.72,65.23,49.16,43.38,0,58,C,,
2025/26,Campeonato de Portugal,Diogo Almeida,Rebordosa,27,AM & W,52.42,44.64,39.74,42.3,57.67,58.26,53.15,0,65,C,,
2025/26,Campeonato de Portugal,João Pais,Mortágua,27,AM & W,44.96,76.68,56.6,63.31,77.31,63.03,53.36,0,11,A,,
2025/26,Campeonato de Portugal,Ema Brito,Resende,27,AM & W,37.18,76.99,53.54,64.57,45.8,82.28,70.27,0,15,B,,
2025/26,Campeonato de Portugal,Marcelo Vilela,Oliveira Hospital,27,AM & W,54.52,79.95,61.22,53.08,90.65,31.86,42.86,0,22,B,,
2025/26,Campeonato de Portugal,Joel Marques,Os Limianos,27,AM & W,56.51,72.2,80.49,89.5,74.26,16.67,52.94,0,8,A,,
2025/26,Campeonato de Portugal,Domingues,Lagoa,27,AM & W,81.62,39.9,65.79,47.2,36.55,37.54,32.77,0,67,C,,
2025/26,Campeonato de Portugal,Paulinho,Marialvas,28,AM & W,19.43,68.2,43.76,58.12,48.21,77.59,73.32,0,34,B,,
2025/26,Campeonato de Portugal,André Farinha,Juventude Évora,28,AM & W,30.04,42.99,44.66,66.39,48.84,41.04,69.75,0,66,C,,
2025/26,Campeonato de Portugal,João Rafael,Vila Meã,28,AM & W,17.23,37.66,35.83,49.72,81.09,57.98,37.08,0,78,C,,
2025/26,Campeonato de Portugal,H. Medarious,Monção,28,AM & W,40.34,33.46,25.99,23.81,40.76,72.2,59.03,0,103,D,,
2025/26,Campeonato de Portugal,Jonas,AR São Martinho,28,AM & W,15.97,72.92,23.95,17.51,58.09,64.08,37.92,0,98,D,,
2025/26,Campeonato de Portugal,D. Castillo,Atlético Malveira,28,AM & W,84.35,54.13,59.36,32.63,19.54,45.24,42.44,0,73,C,,
2025/26,Campeonato de Portugal,Pedro Marado,Resende,28,AM & W,59.14,47.42,48.98,43.42,61.45,45.38,47.69,0,60,C,,
2025/26,Campeonato de Portugal,Pedro Prazeres,Salgueiros,28,AM & W,16.07,49.19,40.16,52.66,78.05,54.27,33.51,0,70,C,,
2025/26,Campeonato de Portugal,Flavinho,Anadia,29,AM & W,71.64,46.49,52.52,38.52,45.69,45.17,45.69,0,68,C,,
2025/26,Campeonato de Portugal,Diogo Alves,Celoricense,29,AM & W,75.32,37.66,53.24,34.59,46.32,40.76,32.25,0,84,C,,
2025/26,Campeonato de Portugal,Nuno Silvano,Bragança,29,AM & W,24.37,49.89,24.07,19.19,34.35,28.01,4.94,0,118,F,,
2025/26,Campeonato de Portugal,O. Silas,Moncarapachense,29,AM & W,69.96,56.04,65.61,66.39,51.05,14.64,49.68,0,45,C,,
2025/26,Campeonato de Portugal,Anderson,Florgrade,29,AM & W,39.29,76.64,57.74,68.63,43.49,16.81,48.53,0,57,C,,
2025/26,Campeonato de Portugal,André Sena,Mortágua,29,AM & W,33.51,33.01,31.27,31.51,65.23,44.54,38.55,0,108,D,,
2025/26,Campeonato de Portugal,Rafa,Vilaverdense,30,AM & W,39.39,72.52,38.66,18.91,60.92,43.35,23.11,0,94,D,,
2025/26,Campeonato de Portugal,Tommy Batista,Portimonense SC,30,AM & W,46.43,39.25,63.33,82.35,58.72,44.33,63.87,0,29,B,,
2025/26,Campeonato de Portugal,Joel Neves,Oriental Lisboa,30,AM & W,14.18,40.75,21.97,24.93,69.33,73.18,37.18,0,102,D,,
2025/26,Campeonato de Portugal,Rodrigo Vilela,Louletano,31,AM & W,27.52,36.02,35.53,33.05,40.97,69.26,52.21,0,99,D,,
2025/26,Campeonato de Portugal,Vieirinha,Camacha,31,AM & W,32.67,62.77,47.66,66.39,34.66,44.96,61.76,0,59,C,,
2025/26,Campeonato de Portugal,Fábio Arcanjo,Oriental Lisboa,31,AM & W,6.72,37.7,23.77,39.78,81.2,62.75,56.51,0,91,C,,
2025/26,Campeonato de Portugal,Miguel Baptista,Peniche,32,AM & W,52.21,66.2,48.08,32.35,76.68,71.22,39.29,0,35,B,,
2025/26,Campeonato de Portugal,Edgar Abreu,Camacha,32,AM & W,24.26,27.58,19.51,15.83,69.75,67.58,32.88,0,109,D,,
2025/26,Campeonato de Portugal,Lewis Enoh,O Elvas,33,AM & W,22.69,40.46,46.04,71.01,45.27,35.29,61.76,0,80,C,,
2025/26,Campeonato de Portugal,Joca,Alcochetense,33,AM & W,91.28,53.67,81.99,68.49,52.73,21.36,55.46,0,18,B,,
2025/26,Campeonato de Portugal,Ismael Pinto,Alpendorada,33,AM & W,70.48,65.77,73.95,69.61,32.25,49.44,59.87,0,20,B,,
2025/26,Campeonato de Portugal,Leandro Borges,Uniao Lamas,34,AM & W,29.31,35.14,45.92,57.14,50.21,36.62,28.68,0,100,D,,
2025/26,Campeonato de Portugal,Pipo,Rebordosa,34,AM & W,57.35,43.67,49.4,32.21,83.61,53.85,44.64,0,52,C,,
2025/26,Campeonato de Portugal,Vítor Bruno,Anadia,36,AM & W,16.91,88.76,44.36,62.46,81.51,34.24,47.37,0,37,B,,
2025/26,Campeonato de Portugal,V. Ramos Gonçalves,Anadia,36,AM & W,27.31,91.39,50,67.79,69.96,20.52,42.02,0,43,C,,
2025/26,Campeonato de Portugal,Hugo Seco,Marialvas,37,AM & W,67.02,57.61,67.95,85.57,57.04,22.83,52.73,0,25,B,,
2025/26,Campeonato de Portugal,Diogo Valente,Salgueiros,41,AM & W,44.01,69.18,46.16,40.76,53.68,18.91,11.66,0,97,D,,
2025/26,Campeonato de Portugal,W. Tavares,Atlético Malveira,24,CF,76.58,57.24,72.71,81.23,66.32,43.42,70.39,0,9,A,,
2025/26,Campeonato de Portugal,Daniel Amorim,AR São Martinho,19,CF,78.03,48,71.95,65.79,58.16,57.37,60.26,0,10,A,,
2025/26,Campeonato de Portugal,Pedro Cauã,Chaves B,20,CF,8.29,59.41,47.14,79.82,77.11,58.77,68.68,0,40,C,,
2025/26,Campeonato de Portugal,Felipe Lima,FC Alverca B,20,CF,64.74,56.9,59.17,74.91,54.61,37.19,70.92,0,21,B,,
2025/26,Campeonato de Portugal,A. Coly Djaló,Chaves B,20,CF,70.92,65.66,63.61,54.21,59.61,49.65,58.03,0,19,B,,
2025/26,Campeonato de Portugal,L. Vladimir Matias Samaina,Gouveia,20,CF,11.58,67.95,56.84,97.89,60.39,41.49,72.89,0,31,B,,
2025/26,Campeonato de Portugal,L. Oliveira,Fátima,21,CF,58.42,33.27,44.44,31.75,44.08,52.63,24.34,0,65,D,,
2025/26,Campeonato de Portugal,Ivo Almeida,Florgrade,21,CF,37.89,35.91,52.33,72.98,19.61,35.61,54.87,0,57,C,,
2025/26,Campeonato de Portugal,E. Segun Alao,Alcochetense,21,CF,58.68,81.45,72.26,78.6,50.92,67.11,76.71,0,5,A,,
2025/26,Campeonato de Portugal,Nuno Gaspar,Benfica Castelo Branco,21,CF,37.76,97.71,70.83,86.14,58.29,66.14,85.39,0,4,A,,
2025/26,Campeonato de Portugal,R. Sousa Santos,Comércio Indústria,21,CF,63.03,40.64,39.47,20.53,43.03,45.88,30.66,0,73,D,,
2025/26,Campeonato de Portugal,N. Campos Gonçalves,Mirandela,21,CF,54.08,49.92,54.74,71.4,57.5,40.44,51.97,0,39,C,,
2025/26,Campeonato de Portugal,G. Pereira Santos,Lusitânia,21,CF,29.21,22.74,33.46,45.26,54.61,48.33,55.26,0,75,D,,
2025/26,Campeonato de Portugal,Alessandro Pina,FC Alverca B,21,CF,79.87,71.39,63.68,42.81,55.26,63.95,47.63,0,16,B,,
2025/26,Campeonato de Portugal,D. Teixeira,Aparecida,21,CF,88.95,46.04,53.68,28.77,47.37,26.75,45.79,0,49,C,,
2025/26,Campeonato de Portugal,Janickson Da Silva,O Elvas,21,CF,21.71,68.98,23.23,29.65,82.11,35.44,34.34,0,81,E,,
2025/26,Campeonato de Portugal,I. Afonso,Mortágua,22,CF,33.29,63.79,56.09,69.65,61.32,30.09,43.42,0,47,C,,
2025/26,Campeonato de Portugal,Tibério Cunha,Chaves B,22,CF,72.11,18.35,35.94,19.47,5.26,14.56,22.5,0,92,F,,
2025/26,Campeonato de Portugal,Pedro Rocha,Oriental Lisboa,22,CF,43.16,81.3,37.22,21.23,41.18,43.95,22.24,0,76,D,,
2025/26,Campeonato de Portugal,Pedro Peralta,Oliveira Hospital,22,CF,6.32,65.66,34.14,55.61,66.84,37.02,47.5,0,70,D,,
2025/26,Campeonato de Portugal,Francisco Silva,Tirsense,22,CF,70.79,33.66,48.72,26.14,49.74,53.07,38.82,0,56,C,,
2025/26,Campeonato de Portugal,David,Leça,22,CF,95.39,69.59,92.41,86.67,15.92,25.79,56.32,0,8,A,,
2025/26,Campeonato de Portugal,E. Ndow,Portimonense SC,22,CF,19.08,29.58,26.09,25.44,31.18,79.82,45.92,0,87,E,,
2025/26,Campeonato de Portugal,Joel Carvalho,Vila Meã,22,CF,63.42,25.9,38.27,20.18,35.39,64.21,38.82,0,69,D,,
2025/26,Campeonato de Portugal,Dinis Djadjó,Rebordosa,23,CF,91.97,26.6,62.56,48.95,16.45,57.11,46.18,0,42,C,,
2025/26,Campeonato de Portugal,Tiago Moninhas,Vianense,23,CF,81.71,94.81,85.11,84.04,69.47,48.86,68.42,0,1,S,,
2025/26,Campeonato de Portugal,H. Lomba,Mirandela,23,CF,21.18,37.13,27.22,37.72,42.11,63.77,32.76,0,86,E,,
2025/26,Campeonato de Portugal,Diogo Machado,Juventude Évora,23,CF,20.13,60.28,35.04,38.25,81.32,61.4,41.84,0,59,D,,
2025/26,Campeonato de Portugal,Rachide,Samora Correia,24,CF,40,38,59.47,89.12,50.53,55.35,67.37,0,25,B,,
2025/26,Campeonato de Portugal,J. Rentería,Celoricense,24,CF,52.63,43.08,44.96,37.19,32.11,34.47,35.66,0,72,D,,
2025/26,Campeonato de Portugal,Ivo Nabais,UD da Serra,24,CF,78.16,44.18,59.7,63.51,10.13,38.68,79.21,0,34,C,,
2025/26,Campeonato de Portugal,Guilherme Augusto,Salgueiros,24,CF,34.87,20.28,23.68,9.82,62.76,39.82,26.32,0,91,F,,
2025/26,Campeonato de Portugal,Tiago Lopes,Naval 1º de Maio,24,CF,61.45,22.74,47.59,41.05,71.71,63.16,49.21,0,46,C,,
2025/26,Campeonato de Portugal,André Dias,Vitória de Sernache,24,CF,25.26,74.2,68.42,99.3,72.11,33.86,75.79,0,13,B,,
2025/26,Campeonato de Portugal,Miguel Silva,Os Limianos,24,CF,35.79,40.28,31.8,24.21,53.29,36.75,37.5,0,88,E,,
2025/26,Campeonato de Portugal,Nuno Pedras,Vilaverdense,25,CF,51.05,47.25,60.75,77.54,73.55,27.89,65.26,0,28,B,,
2025/26,Campeonato de Portugal,Miguel Sena,Gouveia,25,CF,40.66,17.3,29.92,32.98,23.16,15.18,24.47,0,93,F,,
2025/26,Campeonato de Portugal,A. Diop,FC Serpa,25,CF,56.32,51.34,61.5,54.39,6.84,31.93,51.45,0,52,C,,
2025/26,Campeonato de Portugal,Edmilson Nakhaliam,Eléctrico,25,CF,68.29,33.09,38.5,26.84,57.24,18.51,25.92,0,80,D,,
2025/26,Campeonato de Portugal,Gonçalo Monteiro,Uniao Lamas,25,CF,52.89,33.27,42.41,30.88,32.89,34.3,22.63,0,82,E,,
2025/26,Campeonato de Portugal,G. Paixao,Resende,25,CF,52.76,65.72,59.1,48.6,51.05,42.98,56.32,0,43,C,,
2025/26,Campeonato de Portugal,Diogo Grácio,O Elvas,26,CF,57.5,42.55,42.18,25.61,52.24,57.98,36.58,0,60,D,,
2025/26,Campeonato de Portugal,Victor Nicolatti,Lagoa,26,CF,74.47,24.12,32.93,7.54,16.84,64.65,25.39,0,83,E,,
2025/26,Campeonato de Portugal,Yuri,Eléctrico,26,CF,62.24,29.58,58.87,63.16,41.97,50.61,69.87,0,35,C,,
2025/26,Campeonato de Portugal,Javi Bernal,O Elvas,26,CF,84.61,20.28,56.69,39.82,55.26,60.44,59.61,0,33,C,,
2025/26,Campeonato de Portugal,Arter Undonque,Marinhense,26,CF,85.66,43.15,82.33,83.33,57.24,58.16,57.76,0,3,A,,
2025/26,Campeonato de Portugal,David Ribeiro,FC Serpa,26,CF,22.89,29.58,54.44,89.82,38.82,67.98,74.21,0,36,C,,
2025/26,Campeonato de Portugal,Yuri Sohni,Marialvas,26,CF,84.87,81.05,77.74,59.3,41.97,26.14,42.5,0,15,B,,
2025/26,Campeonato de Portugal,Zack Blackwell,Atlético Malveira,26,CF,36.18,75.71,48.65,66.32,80,80.18,61.32,0,17,B,,
2025/26,Campeonato de Portugal,Pedro Henriques,Gouveia,26,CF,1.84,45.55,25.26,48.25,86.97,68.6,67.24,0,61,D,,
2025/26,Campeonato de Portugal,José Mota,Resende,26,CF,28.16,60.3,57.74,75.09,71.84,46.14,47.89,0,38,C,,
2025/26,Campeonato de Portugal,O. James,Louletano,26,CF,56.18,84.8,51.13,29.12,20.39,25.18,31.05,0,63,D,,
2025/26,Campeonato de Portugal,Nuno Machado,Oriental Lisboa,26,CF,63.16,65.72,68.57,69.3,47.37,67.46,51.97,0,12,B,,
2025/26,Campeonato de Portugal,Nicola Bragança,Juventude Évora,26,CF,3.82,58.89,37.14,53.51,59.08,89.91,65.66,0,48,C,,
2025/26,Campeonato de Portugal,José Sacra,Benfica Castelo Branco,26,CF,94.34,64.03,86.47,77.89,61.45,39.47,60.79,0,2,S,,
2025/26,Campeonato de Portugal,Didi,Beira-Mar,27,CF,69.87,65.03,78.87,83.33,68.55,48.6,55.53,0,6,A,,
2025/26,Campeonato de Portugal,Pedro Duarte,Lagoa,27,CF,35.53,61.86,45.19,65.61,55,51.23,55.79,0,45,C,,
2025/26,Campeonato de Portugal,Henrique Cavalcante,Vitória de Sernache,27,CF,55,57,61.95,64.21,41.32,59.47,78.68,0,20,B,,
2025/26,Campeonato de Portugal,Pedro Pauleta,Alpendorada,27,CF,68.95,50.99,61.8,49.82,63.16,34.39,45,0,41,C,,
2025/26,Campeonato de Portugal,Alex,Brito,27,CF,54.61,29.58,48.05,31.75,19.34,50.7,53.55,0,64,D,,
2025/26,Campeonato de Portugal,O. Okenwa,Oliveira Hospital,27,CF,73.29,36.95,47.52,33.68,25.53,17.37,31.32,0,77,D,,
2025/26,Campeonato de Portugal,F. Estanga,Bragança,27,CF,31.97,69.92,40.08,35.09,42.89,53.77,24.47,0,68,D,,
2025/26,Campeonato de Portugal,Henrique Henriques,Sintrense,27,CF,72.37,55.06,48.12,31.05,64.47,84.56,49.21,0,30,B,,
2025/26,Campeonato de Portugal,Rúben Pereira,Resende,27,CF,46.45,70.52,63.16,68.77,58.55,47.63,48.68,0,26,B,,
2025/26,Campeonato de Portugal,Rúben Araújo,Alcochetense,27,CF,43.29,30.34,17.44,10,19.21,37.72,17.37,0,94,F,,
2025/26,Campeonato de Portugal,D. Gameiro,UD da Serra,27,CF,19.87,72.56,44.29,47.37,56.84,56.84,48.29,0,53,C,,
2025/26,Campeonato de Portugal,Ouvido Lourenço,Machico,28,CF,78.03,18.35,48.35,33.16,31.32,54.74,49.61,0,55,C,,
2025/26,Campeonato de Portugal,Didi,Samora Correia,28,CF,51.97,61.46,49.85,50.7,63.82,67.37,66.97,0,29,B,,
2025/26,Campeonato de Portugal,Mboulou Júnior,Cinfães,28,CF,28.82,43.86,30.9,38.42,53.55,24.21,40.13,0,89,E,,
2025/26,Campeonato de Portugal,Emmanuel Eze,Vasco da Gama Vidigueira,28,CF,54.61,28.04,29.25,13.51,31.71,54.39,50.79,0,84,E,,
2025/26,Campeonato de Portugal,B. Muniz De Souza,Eléctrico,28,CF,91.58,36.95,77.52,71.58,64.87,22.98,52.37,0,14,B,,
2025/26,Campeonato de Portugal,Valdu Té,Sintrense,28,CF,67.37,58.18,46.02,10.18,28.55,67.19,39.61,0,58,C,,
2025/26,Campeonato de Portugal,Peterson,Anadia,28,CF,42.63,59.01,56.54,76.67,59.87,44.91,53.29,0,32,B,,
2025/26,Campeonato de Portugal,Rudy Monteiro,Ribeira Brava,29,CF,46.71,38.4,57.44,78.07,77.5,81.14,78.03,0,11,A,,
2025/26,Campeonato de Portugal,Adílio Varela,Moncarapachense,29,CF,16.32,83.91,55.71,80.53,65.66,45,47.5,0,37,C,,
2025/26,Campeonato de Portugal,Chico Sousa,Rebordosa,29,CF,35,60.32,48.87,63.16,76.32,78.86,60.26,0,23,B,,
2025/26,Campeonato de Portugal,V. Brandão Da Silva,Juventude Évora,29,CF,77.63,54.85,74.74,78.25,60,58.6,61.97,0,7,A,,
2025/26,Campeonato de Portugal,Kenny Nascimento,Ribeira Brava,30,CF,4.34,34.33,23.68,38.6,76.58,70.79,50.53,0,79,D,,
2025/26,Campeonato de Portugal,Totas,Rebordosa,30,CF,73.68,46.02,48.95,22.46,58.55,58.77,29.74,0,50,C,,
2025/26,Campeonato de Portugal,Luizinho,Sintrense,30,CF,36.97,22.74,34.89,34.56,46.32,39.82,42.5,0,85,E,,
2025/26,Campeonato de Portugal,Rui Jorge,AR São Martinho,30,CF,24.74,52,33.76,41.4,51.58,51.58,45.92,0,71,D,,
2025/26,Campeonato de Portugal,Lucão,Juventude Évora,30,CF,45,48.23,40.3,22.81,52.63,45.35,50.92,0,67,D,,
2025/26,Campeonato de Portugal,António Belo,Camacha,31,CF,65.26,48.18,64.59,67.72,38.82,53.77,76.84,0,18,B,,
2025/26,Campeonato de Portugal,Diogo Baptista,Monção,31,CF,41.71,50.99,24.59,9.12,47.5,76.32,47.63,0,78,D,,
2025/26,Campeonato de Portugal,Endric Bahia,FC Serpa,32,CF,23.03,68.53,50.75,81.4,70.79,65.61,61.45,0,24,B,,
2025/26,Campeonato de Portugal,S. Camará,Mortágua,33,CF,52.89,18.35,49.85,57.54,13.95,56.93,65,0,54,C,,
2025/26,Campeonato de Portugal,Joe Pedro,Os Limianos,33,CF,50.66,28.71,29.02,21.58,51.05,65.53,44.74,0,74,D,,
2025/26,Campeonato de Portugal,C. Djaló,Juventude Évora,33,CF,38.82,65.66,53.83,57.02,48.03,51.84,54.61,0,44,C,,
2025/26,Campeonato de Portugal,Luís Gonçalves,Rebordosa,33,CF,21.18,36.95,34.81,42.63,63.03,73.51,45.66,0,62,D,,
2025/26,Campeonato de Portugal,D. Lamas,Peniche,35,CF,45.79,39.76,43.38,20.7,27.89,66.93,47.5,0,66,D,,
2025/26,Campeonato de Portugal,Dany Marques,UD da Serra,35,CF,42.89,51.32,58.35,65.26,61.71,62.81,60.39,0,27,B,,
2025/26,Campeonato de Portugal,Joel Silva,Vianense,35,CF,91.05,52.26,52.11,9.65,53.95,40.18,31.18,0,51,C,,
2025/26,Campeonato de Portugal,André Azevedo,Vila Real,35,CF,13.55,87.88,49.02,68.25,71.45,80.61,65.53,0,22,B,,
2025/26,Campeonato de Portugal,Luisinho,Atlético Malveira,36,CF,34.61,63.05,33.83,19.47,43.68,30.09,13.55,0,90,E,,
2025/26,Campeonato de Portugal,G. Loureiro,Monção,26,GK,0,0,0,0,0,0,0,38.52,51,D,,
2025/26,Campeonato de Portugal,João Lucas,Vitória de Sernache,20,GK,0,0,0,0,0,0,0,64.89,9,A,,
2025/26,Campeonato de Portugal,Rodrigo Morais,Gouveia,20,GK,0,0,0,0,0,0,0,44.81,38,C,,
2025/26,Campeonato de Portugal,Pedro Cardoso,Oliveira Hospital,21,GK,0,0,0,0,0,0,0,59.84,17,B,,
2025/26,Campeonato de Portugal,José Monteiro,Vila Real,21,GK,0,0,0,0,0,0,0,53.42,27,C,,
2025/26,Campeonato de Portugal,E. Tetteh,Fátima,21,GK,0,0,0,0,0,0,0,48.36,34,C,,
2025/26,Campeonato de Portugal,João Júnior,Bragança,22,GK,0,0,0,0,0,0,0,51.91,31,C,,
2025/26,Campeonato de Portugal,Tiago Neto,Sintrense,22,GK,0,0,0,0,0,0,0,58.74,19,B,,
2025/26,Campeonato de Portugal,Lucas Silva,Anadia,22,GK,0,0,0,0,0,0,0,56.83,23,B,,
2025/26,Campeonato de Portugal,Diogo Águas,Lusitânia,22,GK,0,0,0,0,0,0,0,52.32,28,C,,
2025/26,Campeonato de Portugal,Gonçalo Machado,Celoricense,22,GK,0,0,0,0,0,0,0,75.96,2,S,,
2025/26,Campeonato de Portugal,Ruben Cerqueira,Vasco da Gama Vidigueira,22,GK,0,0,0,0,0,0,0,44.4,39,C,,
2025/26,Campeonato de Portugal,Pedro Ferreira,Atlético Malveira,23,GK,0,0,0,0,0,0,0,59.97,16,B,,
2025/26,Campeonato de Portugal,Lucas Fernandes,Moncarapachense,23,GK,0,0,0,0,0,0,0,38.93,48,D,,
2025/26,Campeonato de Portugal,David Romana,Benfica Castelo Branco,23,GK,0,0,0,0,0,0,0,57.79,20,B,,
2025/26,Campeonato de Portugal,Diogo Paiva,Florgrade,23,GK,0,0,0,0,0,0,0,52.19,29,C,,
2025/26,Campeonato de Portugal,Ricardo Van Der Laan,FC Serpa,23,GK,0,0,0,0,0,0,0,59.84,18,B,,
2025/26,Campeonato de Portugal,Rafael Marcelino,Ribeira Brava,24,GK,0,0,0,0,0,0,0,62.02,11,B,,
2025/26,Campeonato de Portugal,Luis González,Chaves B,24,GK,0,0,0,0,0,0,0,70.49,6,A,,
2025/26,Campeonato de Portugal,Hugo Mosca,O Elvas,24,GK,0,0,0,0,0,0,0,25.68,59,F,,
2025/26,Campeonato de Portugal,José Oliveira,Aparecida,24,GK,0,0,0,0,0,0,0,47.68,35,C,,
2025/26,Campeonato de Portugal,Pedro Fortes,JD Lajense,25,GK,0,0,0,0,0,0,0,38.93,49,D,,
2025/26,Campeonato de Portugal,João Frade,Uniao Lamas,25,GK,0,0,0,0,0,0,0,52.19,30,C,,
2025/26,Campeonato de Portugal,Francisco Enes,Uniao Lamas,25,GK,0,0,0,0,0,0,0,51.23,32,C,,
2025/26,Campeonato de Portugal,Diogo Santos,Peniche,25,GK,0,0,0,0,0,0,0,33.06,56,E,,
2025/26,Campeonato de Portugal,Diogo Sá,Marialvas,25,GK,0,0,0,0,0,0,0,30.33,57,E,,
2025/26,Campeonato de Portugal,Leonardo Ferreira,Naval 1º de Maio,25,GK,0,0,0,0,0,0,0,76.5,1,S,,
2025/26,Campeonato de Portugal,Marcão,Louletano,26,GK,0,0,0,0,0,0,0,45.49,37,C,,
2025/26,Campeonato de Portugal,Matthaus Martins,Lagoa,27,GK,0,0,0,0,0,0,0,57.65,21,B,,
2025/26,Campeonato de Portugal,Mário Évora,Juventude Évora,27,GK,0,0,0,0,0,0,0,60.79,15,B,,
2025/26,Campeonato de Portugal,Carlos Madureira,Beira-Mar,27,GK,0,0,0,0,0,0,0,68.85,7,A,,
2025/26,Campeonato de Portugal,Isma Lekbab,Os Limianos,27,GK,0,0,0,0,0,0,0,42.08,42,D,,
2025/26,Campeonato de Portugal,P. Tear,Portimonense SC,27,GK,0,0,0,0,0,0,0,39.34,47,D,,
2025/26,Campeonato de Portugal,Joel Dias,Alcochetense,27,GK,0,0,0,0,0,0,0,62.3,10,B,,
2025/26,Campeonato de Portugal,Duarte Nuno,Camacha,27,GK,0,0,0,0,0,0,0,47.13,36,C,,
2025/26,Campeonato de Portugal,Nando Pedrosa,Mortágua,28,GK,0,0,0,0,0,0,0,53.83,26,C,,
2025/26,Campeonato de Portugal,David Santos,UD da Serra,28,GK,0,0,0,0,0,0,0,56.15,24,B,,
2025/26,Campeonato de Portugal,Filipe Dinis,AR São Martinho,28,GK,0,0,0,0,0,0,0,40.3,45,D,,
2025/26,Campeonato de Portugal,Rui Encarnação,Machico,28,GK,0,0,0,0,0,0,0,38.25,52,D,,
2025/26,Campeonato de Portugal,Daniel Júnior,Vilaverdense,28,GK,0,0,0,0,0,0,0,73.5,4,S,,
2025/26,Campeonato de Portugal,Rafa Pires,Eléctrico,28,GK,0,0,0,0,0,0,0,36.61,53,D,,
2025/26,Campeonato de Portugal,Vitor Feltes,Mirandela,29,GK,0,0,0,0,0,0,0,61.2,13,B,,
2025/26,Campeonato de Portugal,T. Botelho Santos Costa,Comércio Indústria,29,GK,0,0,0,0,0,0,0,42.35,41,D,,
2025/26,Campeonato de Portugal,Bruno Bolas,O Elvas,29,GK,0,0,0,0,0,0,0,62.02,12,B,,
2025/26,Campeonato de Portugal,João Matos,Alpendorada,29,GK,0,0,0,0,0,0,0,71.04,5,S,,
2025/26,Campeonato de Portugal,F. Ohoulo,Anadia,29,GK,0,0,0,0,0,0,0,40.57,43,D,,
2025/26,Campeonato de Portugal,André Paulo,FC Alverca B,29,GK,0,0,0,0,0,0,0,36.48,54,D,,
2025/26,Campeonato de Portugal,Tiago Pereira,Oriental Lisboa,30,GK,0,0,0,0,0,0,0,22.68,60,F,,
2025/26,Campeonato de Portugal,Júlio Neiva,Cinfães,30,GK,0,0,0,0,0,0,0,75.96,3,S,,
2025/26,Campeonato de Portugal,Kevin Douglas,Resende,31,GK,0,0,0,0,0,0,0,40.44,44,D,,
2025/26,Campeonato de Portugal,Paulo Freitas,Aparecida,31,GK,0,0,0,0,0,0,0,36.34,55,D,,
2025/26,Campeonato de Portugal,Miguel Paiva,Leça,31,GK,0,0,0,0,0,0,0,38.8,50,D,,
2025/26,Campeonato de Portugal,Rui Lopes,Brito,32,GK,0,0,0,0,0,0,0,56.15,25,B,,
2025/26,Campeonato de Portugal,José Costa,Vianense,32,GK,0,0,0,0,0,0,0,39.62,46,D,,
2025/26,Campeonato de Portugal,Nélson Pinhão,Samora Correia,32,GK,0,0,0,0,0,0,0,28.83,58,E,,
2025/26,Campeonato de Portugal,Rui Santos,JD Lajense,32,GK,0,0,0,0,0,0,0,21.86,61,F,,
2025/26,Campeonato de Portugal,Chastre,Salgueiros,33,GK,0,0,0,0,0,0,0,68.03,8,A,,
2025/26,Campeonato de Portugal,Luís Monteiro,Vila Meã,33,GK,0,0,0,0,0,0,0,49.32,33,C,,
2025/26,Campeonato de Portugal,Cajó,Tirsense,36,GK,0,0,0,0,0,0,0,57.1,22,B,,
2025/26,Campeonato de Portugal,Pedro Soares,Rebordosa,38,GK,0,0,0,0,0,0,0,61.07,14,B,,
2025/26,Campeonato de Portugal,António Filipe,Atlético Malveira,41,GK,0,0,0,0,0,0,0,44.4,40,C,,
